run_name,source,target,seed,class_name,precision,recall,f1,support
AT1_to_DK1_seed1,AT1,DK1,1,corn,0.66,0.69,0.68,774
AT1_to_DK1_seed1,AT1,DK1,1,horsebeans,0.01,0.1,0.02,62
AT1_to_DK1_seed1,AT1,DK1,1,meadow,0.49,0.94,0.65,2480
AT1_to_DK1_seed1,AT1,DK1,1,spring_barley,0.85,0.16,0.26,2759
AT1_to_DK1_seed1,AT1,DK1,1,spring_oat,0.08,0.22,0.11,359
AT1_to_DK1_seed1,AT1,DK1,1,winter_barley,0.89,0.26,0.41,759
AT1_to_DK1_seed1,AT1,DK1,1,winter_rapeseed,0.95,0.04,0.07,595
AT1_to_DK1_seed1,AT1,DK1,1,winter_rye,0.29,0.16,0.2,768
AT1_to_DK1_seed1,AT1,DK1,1,winter_triticale,0.06,0.22,0.09,91
AT1_to_DK1_seed1,AT1,DK1,1,winter_wheat,0.63,0.6,0.61,1987
AT1_to_DK1_seed2,AT1,DK1,2,corn,0.82,0.74,0.78,814
AT1_to_DK1_seed2,AT1,DK1,2,horsebeans,0.04,0.29,0.06,70
AT1_to_DK1_seed2,AT1,DK1,2,meadow,0.7,0.8,0.75,2509
AT1_to_DK1_seed2,AT1,DK1,2,spring_barley,0.87,0.12,0.22,2764
AT1_to_DK1_seed2,AT1,DK1,2,spring_oat,0.09,0.47,0.14,300
AT1_to_DK1_seed2,AT1,DK1,2,winter_barley,0.39,0.38,0.38,746
AT1_to_DK1_seed2,AT1,DK1,2,winter_rapeseed,0.88,0.22,0.36,586
AT1_to_DK1_seed2,AT1,DK1,2,winter_rye,0.34,0.29,0.31,773
AT1_to_DK1_seed2,AT1,DK1,2,winter_triticale,0.03,0.4,0.06,92
AT1_to_DK1_seed2,AT1,DK1,2,winter_wheat,0.71,0.61,0.66,1980
AT1_to_DK1_seed3,AT1,DK1,3,corn,0.44,0.74,0.55,786
AT1_to_DK1_seed3,AT1,DK1,3,horsebeans,0.02,0.05,0.03,60
AT1_to_DK1_seed3,AT1,DK1,3,meadow,0.36,0.97,0.53,2545
AT1_to_DK1_seed3,AT1,DK1,3,spring_barley,0.89,0.11,0.19,2742
AT1_to_DK1_seed3,AT1,DK1,3,spring_oat,0.04,0.05,0.04,328
AT1_to_DK1_seed3,AT1,DK1,3,winter_barley,0.82,0.64,0.72,748
AT1_to_DK1_seed3,AT1,DK1,3,winter_rapeseed,0.57,0.04,0.08,639
AT1_to_DK1_seed3,AT1,DK1,3,winter_rye,0.35,0.06,0.11,783
AT1_to_DK1_seed3,AT1,DK1,3,winter_triticale,0.05,0.15,0.07,87
AT1_to_DK1_seed3,AT1,DK1,3,winter_wheat,0.9,0.28,0.43,1916
AT1_to_FR1_seed1,AT1,FR1,1,corn,0.31,0.93,0.46,1311
AT1_to_FR1_seed1,AT1,FR1,1,horsebeans,0.08,0.09,0.09,150
AT1_to_FR1_seed1,AT1,FR1,1,meadow,0.87,0.9,0.88,3021
AT1_to_FR1_seed1,AT1,FR1,1,spring_barley,0.02,0.02,0.02,60
AT1_to_FR1_seed1,AT1,FR1,1,spring_oat,0.01,0.29,0.02,7
AT1_to_FR1_seed1,AT1,FR1,1,winter_barley,0.17,0.26,0.21,783
AT1_to_FR1_seed1,AT1,FR1,1,winter_rapeseed,0.9,0.16,0.27,525
AT1_to_FR1_seed1,AT1,FR1,1,winter_rye,0.0,0.17,0.0,6
AT1_to_FR1_seed1,AT1,FR1,1,winter_triticale,0.01,0.01,0.01,170
AT1_to_FR1_seed1,AT1,FR1,1,winter_wheat,0.87,0.29,0.43,5302
AT1_to_FR1_seed2,AT1,FR1,2,corn,0.59,0.97,0.74,1324
AT1_to_FR1_seed2,AT1,FR1,2,horsebeans,0.1,0.38,0.16,143
AT1_to_FR1_seed2,AT1,FR1,2,meadow,0.78,0.87,0.82,3005
AT1_to_FR1_seed2,AT1,FR1,2,spring_barley,0.01,0.09,0.01,53
AT1_to_FR1_seed2,AT1,FR1,2,spring_oat,0.01,0.09,0.01,11
AT1_to_FR1_seed2,AT1,FR1,2,winter_barley,0.09,0.13,0.11,759
AT1_to_FR1_seed2,AT1,FR1,2,winter_rapeseed,0.52,0.03,0.05,524
AT1_to_FR1_seed2,AT1,FR1,2,winter_rye,0.01,0.43,0.02,7
AT1_to_FR1_seed2,AT1,FR1,2,winter_triticale,0.03,0.06,0.04,163
AT1_to_FR1_seed2,AT1,FR1,2,winter_wheat,0.87,0.45,0.59,5346
AT1_to_FR2_seed1,AT1,FR2,1,corn,0.96,0.88,0.92,3842
AT1_to_FR2_seed1,AT1,FR2,1,horsebeans,0.2,0.11,0.14,89
AT1_to_FR2_seed1,AT1,FR2,1,meadow,0.91,0.89,0.9,10574
AT1_to_FR2_seed1,AT1,FR2,1,spring_barley,0.03,0.02,0.03,88
AT1_to_FR2_seed1,AT1,FR2,1,spring_oat,0.0,0.0,0.0,6
AT1_to_FR2_seed1,AT1,FR2,1,winter_barley,0.12,0.87,0.21,836
AT1_to_FR2_seed1,AT1,FR2,1,winter_rapeseed,0.26,0.12,0.16,770
AT1_to_FR2_seed1,AT1,FR2,1,winter_rye,0.02,0.09,0.03,11
AT1_to_FR2_seed1,AT1,FR2,1,winter_triticale,0.04,0.01,0.02,544
AT1_to_FR2_seed1,AT1,FR2,1,winter_wheat,0.18,0.01,0.02,4067
AT1_to_FR2_seed2,AT1,FR2,2,corn,0.97,0.84,0.9,3823
AT1_to_FR2_seed2,AT1,FR2,2,horsebeans,0.01,0.01,0.01,99
AT1_to_FR2_seed2,AT1,FR2,2,meadow,0.94,0.87,0.91,10411
AT1_to_FR2_seed2,AT1,FR2,2,spring_barley,0.05,0.07,0.06,88
AT1_to_FR2_seed2,AT1,FR2,2,spring_oat,0.0,0.0,0.0,12
AT1_to_FR2_seed2,AT1,FR2,2,winter_barley,0.16,0.92,0.28,813
AT1_to_FR2_seed2,AT1,FR2,2,winter_rapeseed,0.93,0.56,0.7,736
AT1_to_FR2_seed2,AT1,FR2,2,winter_rye,0.01,0.5,0.02,8
AT1_to_FR2_seed2,AT1,FR2,2,winter_triticale,0.08,0.16,0.11,546
AT1_to_FR2_seed2,AT1,FR2,2,winter_wheat,0.46,0.09,0.15,4291
DK1_to_AT1_seed1,DK1,AT1,1,corn,0.97,0.79,0.87,1998
DK1_to_AT1_seed1,DK1,AT1,1,horsebeans,0.0,0.0,0.0,84
DK1_to_AT1_seed1,DK1,AT1,1,meadow,0.99,0.92,0.95,3641
DK1_to_AT1_seed1,DK1,AT1,1,spring_barley,0.06,0.91,0.11,65
DK1_to_AT1_seed1,DK1,AT1,1,spring_oat,0.0,0.0,0.0,106
DK1_to_AT1_seed1,DK1,AT1,1,spring_peas,0.0,0.0,0.0,14
DK1_to_AT1_seed1,DK1,AT1,1,spring_wheat,0.25,0.06,0.09,18
DK1_to_AT1_seed1,DK1,AT1,1,winter_barley,0.44,0.95,0.6,919
DK1_to_AT1_seed1,DK1,AT1,1,winter_rapeseed,0.88,0.36,0.51,200
DK1_to_AT1_seed1,DK1,AT1,1,winter_rye,0.28,0.09,0.14,120
DK1_to_AT1_seed1,DK1,AT1,1,winter_triticale,0.31,0.23,0.27,300
DK1_to_AT1_seed1,DK1,AT1,1,winter_wheat,0.84,0.23,0.37,1326
DK1_to_AT1_seed2,DK1,AT1,2,corn,0.98,0.93,0.96,2013
DK1_to_AT1_seed2,DK1,AT1,2,horsebeans,0.35,0.06,0.1,101
DK1_to_AT1_seed2,DK1,AT1,2,meadow,0.98,0.93,0.95,3654
DK1_to_AT1_seed2,DK1,AT1,2,spring_barley,0.06,0.84,0.11,49
DK1_to_AT1_seed2,DK1,AT1,2,spring_oat,0.0,0.0,0.0,127
DK1_to_AT1_seed2,DK1,AT1,2,spring_peas,0.4,0.14,0.21,14
DK1_to_AT1_seed2,DK1,AT1,2,spring_wheat,0.0,0.0,0.0,12
DK1_to_AT1_seed2,DK1,AT1,2,winter_barley,0.73,0.93,0.82,963
DK1_to_AT1_seed2,DK1,AT1,2,winter_rapeseed,0.84,0.82,0.83,203
DK1_to_AT1_seed2,DK1,AT1,2,winter_rye,0.42,0.21,0.28,113
DK1_to_AT1_seed2,DK1,AT1,2,winter_triticale,0.33,0.08,0.13,298
DK1_to_AT1_seed2,DK1,AT1,2,winter_wheat,0.79,0.73,0.76,1244
DK1_to_FR1_seed1,DK1,FR1,1,corn,0.66,0.33,0.44,1306
DK1_to_FR1_seed1,DK1,FR1,1,horsebeans,0.14,0.02,0.04,142
DK1_to_FR1_seed1,DK1,FR1,1,meadow,0.68,0.7,0.69,3029
DK1_to_FR1_seed1,DK1,FR1,1,spring_barley,0.01,0.23,0.02,56
DK1_to_FR1_seed1,DK1,FR1,1,spring_oat,0.0,0.0,0.0,11
DK1_to_FR1_seed1,DK1,FR1,1,spring_peas,0.04,0.01,0.02,80
DK1_to_FR1_seed1,DK1,FR1,1,spring_wheat,0.0,0.0,0.0,11
DK1_to_FR1_seed1,DK1,FR1,1,winter_barley,0.14,0.59,0.23,812
DK1_to_FR1_seed1,DK1,FR1,1,winter_rapeseed,0.81,0.5,0.62,522
DK1_to_FR1_seed1,DK1,FR1,1,winter_rye,0.0,0.0,0.0,6
DK1_to_FR1_seed1,DK1,FR1,1,winter_triticale,0.17,0.02,0.04,161
DK1_to_FR1_seed1,DK1,FR1,1,winter_wheat,0.85,0.24,0.38,5289
DK1_to_FR1_seed2,DK1,FR1,2,corn,0.9,0.77,0.83,1310
DK1_to_FR1_seed2,DK1,FR1,2,horsebeans,0.4,0.01,0.03,140
DK1_to_FR1_seed2,DK1,FR1,2,meadow,0.8,0.69,0.74,3076
DK1_to_FR1_seed2,DK1,FR1,2,spring_barley,0.0,0.09,0.01,47
DK1_to_FR1_seed2,DK1,FR1,2,spring_oat,0.0,0.0,0.0,7
DK1_to_FR1_seed2,DK1,FR1,2,spring_peas,0.0,0.0,0.0,77
DK1_to_FR1_seed2,DK1,FR1,2,spring_wheat,0.0,0.0,0.0,10
DK1_to_FR1_seed2,DK1,FR1,2,winter_barley,0.06,0.2,0.09,806
DK1_to_FR1_seed2,DK1,FR1,2,winter_rapeseed,0.5,0.37,0.42,492
DK1_to_FR1_seed2,DK1,FR1,2,winter_rye,0.0,0.0,0.0,6
DK1_to_FR1_seed2,DK1,FR1,2,winter_triticale,0.07,0.13,0.09,174
DK1_to_FR1_seed2,DK1,FR1,2,winter_wheat,0.89,0.4,0.55,5280
DK1_to_FR2_seed1,DK1,FR2,1,corn,0.94,0.67,0.78,3869
DK1_to_FR2_seed1,DK1,FR2,1,horsebeans,0.0,0.0,0.0,93
DK1_to_FR2_seed1,DK1,FR2,1,meadow,0.94,0.66,0.77,10448
DK1_to_FR2_seed1,DK1,FR2,1,spring_barley,0.02,0.35,0.03,75
DK1_to_FR2_seed1,DK1,FR2,1,spring_oat,0.0,0.0,0.0,6
DK1_to_FR2_seed1,DK1,FR2,1,spring_peas,0.3,0.05,0.09,58
DK1_to_FR2_seed1,DK1,FR2,1,spring_wheat,0.0,0.0,0.0,8
DK1_to_FR2_seed1,DK1,FR2,1,winter_barley,0.1,0.65,0.18,787
DK1_to_FR2_seed1,DK1,FR2,1,winter_rapeseed,0.65,0.62,0.63,756
DK1_to_FR2_seed1,DK1,FR2,1,winter_rye,0.0,0.0,0.0,9
DK1_to_FR2_seed1,DK1,FR2,1,winter_triticale,0.04,0.0,0.0,508
DK1_to_FR2_seed1,DK1,FR2,1,winter_wheat,0.51,0.2,0.29,4272
DK1_to_FR2_seed2,DK1,FR2,2,corn,0.98,0.25,0.4,3816
DK1_to_FR2_seed2,DK1,FR2,2,horsebeans,0.04,0.01,0.02,100
DK1_to_FR2_seed2,DK1,FR2,2,meadow,0.93,0.95,0.94,10576
DK1_to_FR2_seed2,DK1,FR2,2,spring_barley,0.02,0.39,0.03,84
DK1_to_FR2_seed2,DK1,FR2,2,spring_oat,0.0,0.0,0.0,7
DK1_to_FR2_seed2,DK1,FR2,2,spring_peas,0.33,0.02,0.04,46
DK1_to_FR2_seed2,DK1,FR2,2,spring_wheat,0.0,0.0,0.0,7
DK1_to_FR2_seed2,DK1,FR2,2,winter_barley,0.16,0.85,0.27,834
DK1_to_FR2_seed2,DK1,FR2,2,winter_rapeseed,0.79,0.26,0.39,774
DK1_to_FR2_seed2,DK1,FR2,2,winter_rye,0.0,0.38,0.01,8
DK1_to_FR2_seed2,DK1,FR2,2,winter_triticale,0.22,0.23,0.22,541
DK1_to_FR2_seed2,DK1,FR2,2,winter_wheat,0.8,0.1,0.17,4096
DK1_to_FR2_seed3,DK1,FR2,3,corn,0.99,0.81,0.89,3761
DK1_to_FR2_seed3,DK1,FR2,3,horsebeans,0.0,0.0,0.0,87
DK1_to_FR2_seed3,DK1,FR2,3,meadow,0.96,0.74,0.83,10542
DK1_to_FR2_seed3,DK1,FR2,3,spring_barley,0.03,0.2,0.05,79
DK1_to_FR2_seed3,DK1,FR2,3,spring_oat,0.0,0.0,0.0,10
DK1_to_FR2_seed3,DK1,FR2,3,spring_peas,0.07,0.12,0.09,34
DK1_to_FR2_seed3,DK1,FR2,3,spring_wheat,0.0,0.0,0.0,7
DK1_to_FR2_seed3,DK1,FR2,3,winter_barley,0.11,0.88,0.2,811
DK1_to_FR2_seed3,DK1,FR2,3,winter_rapeseed,0.78,0.74,0.76,764
DK1_to_FR2_seed3,DK1,FR2,3,winter_rye,0.0,0.25,0.01,12
DK1_to_FR2_seed3,DK1,FR2,3,winter_triticale,0.0,0.0,0.0,544
DK1_to_FR2_seed3,DK1,FR2,3,winter_wheat,0.79,0.1,0.18,4238
FR1_to_AT1_seed1,FR1,AT1,1,corn,0.95,0.96,0.96,1983
FR1_to_AT1_seed1,FR1,AT1,1,horsebeans,0.17,0.08,0.11,103
FR1_to_AT1_seed1,FR1,AT1,1,meadow,0.99,0.8,0.88,3673
FR1_to_AT1_seed1,FR1,AT1,1,spring_barley,0.0,0.0,0.0,51
FR1_to_AT1_seed1,FR1,AT1,1,spring_peas,0.0,0.0,0.0,11
FR1_to_AT1_seed1,FR1,AT1,1,sunflowers,0.03,0.78,0.06,9
FR1_to_AT1_seed1,FR1,AT1,1,winter_barley,0.38,0.16,0.23,938
FR1_to_AT1_seed1,FR1,AT1,1,winter_oat,0.0,0.0,0.0,0
FR1_to_AT1_seed1,FR1,AT1,1,winter_peas,0.0,0.0,0.0,0
FR1_to_AT1_seed1,FR1,AT1,1,winter_rapeseed,0.46,0.89,0.6,204
FR1_to_AT1_seed1,FR1,AT1,1,winter_triticale,0.28,0.18,0.22,297
FR1_to_AT1_seed1,FR1,AT1,1,winter_wheat,0.6,0.94,0.73,1277
FR1_to_AT1_seed2,FR1,AT1,2,corn,0.98,0.97,0.98,2048
FR1_to_AT1_seed2,FR1,AT1,2,horsebeans,0.67,0.04,0.08,90
FR1_to_AT1_seed2,FR1,AT1,2,meadow,0.96,0.94,0.95,3637
FR1_to_AT1_seed2,FR1,AT1,2,spring_barley,0.0,0.0,0.0,57
FR1_to_AT1_seed2,FR1,AT1,2,spring_peas,0.0,0.0,0.0,14
FR1_to_AT1_seed2,FR1,AT1,2,sunflowers,0.02,1.0,0.04,6
FR1_to_AT1_seed2,FR1,AT1,2,winter_barley,0.89,0.61,0.72,931
FR1_to_AT1_seed2,FR1,AT1,2,winter_oat,0.0,0.0,0.0,0
FR1_to_AT1_seed2,FR1,AT1,2,winter_peas,0.0,0.0,0.0,0
FR1_to_AT1_seed2,FR1,AT1,2,winter_rapeseed,0.93,0.94,0.93,190
FR1_to_AT1_seed2,FR1,AT1,2,winter_triticale,0.39,0.12,0.19,294
FR1_to_AT1_seed2,FR1,AT1,2,winter_wheat,0.71,0.93,0.8,1279
FR1_to_DK1_seed1,FR1,DK1,1,corn,0.61,0.82,0.7,833
FR1_to_DK1_seed1,FR1,DK1,1,horsebeans,0.0,0.0,0.0,61
FR1_to_DK1_seed1,FR1,DK1,1,meadow,0.62,0.47,0.53,2529
FR1_to_DK1_seed1,FR1,DK1,1,spring_barley,0.52,0.01,0.02,2780
FR1_to_DK1_seed1,FR1,DK1,1,spring_peas,0.0,0.0,0.0,61
FR1_to_DK1_seed1,FR1,DK1,1,sunflowers,0.0,0.0,0.0,0
FR1_to_DK1_seed1,FR1,DK1,1,winter_barley,0.12,0.18,0.14,733
FR1_to_DK1_seed1,FR1,DK1,1,winter_oat,0.0,0.0,0.0,1
FR1_to_DK1_seed1,FR1,DK1,1,winter_peas,0.0,0.0,0.0,0
FR1_to_DK1_seed1,FR1,DK1,1,winter_rapeseed,0.93,0.82,0.87,583
FR1_to_DK1_seed1,FR1,DK1,1,winter_triticale,0.01,0.04,0.02,81
FR1_to_DK1_seed1,FR1,DK1,1,winter_wheat,0.64,0.74,0.68,1962
FR1_to_DK1_seed2,FR1,DK1,2,corn,0.22,0.28,0.25,809
FR1_to_DK1_seed2,FR1,DK1,2,horsebeans,0.0,0.0,0.0,77
FR1_to_DK1_seed2,FR1,DK1,2,meadow,0.86,0.1,0.17,2555
FR1_to_DK1_seed2,FR1,DK1,2,spring_barley,0.11,0.0,0.0,2787
FR1_to_DK1_seed2,FR1,DK1,2,spring_peas,0.03,0.02,0.02,57
FR1_to_DK1_seed2,FR1,DK1,2,sunflowers,0.0,0.0,0.0,0
FR1_to_DK1_seed2,FR1,DK1,2,winter_barley,0.12,0.04,0.06,777
FR1_to_DK1_seed2,FR1,DK1,2,winter_oat,0.0,0.0,0.0,0
FR1_to_DK1_seed2,FR1,DK1,2,winter_peas,0.0,0.0,0.0,0
FR1_to_DK1_seed2,FR1,DK1,2,winter_rapeseed,0.89,0.31,0.46,549
FR1_to_DK1_seed2,FR1,DK1,2,winter_triticale,0.06,0.09,0.07,79
FR1_to_DK1_seed2,FR1,DK1,2,winter_wheat,0.25,0.93,0.4,1934
FR1_to_FR2_seed1,FR1,FR2,1,corn,0.98,0.88,0.93,3777
FR1_to_FR2_seed1,FR1,FR2,1,horsebeans,0.71,0.35,0.47,112
FR1_to_FR2_seed1,FR1,FR2,1,meadow,0.96,0.89,0.92,10618
FR1_to_FR2_seed1,FR1,FR2,1,spring_barley,0.83,0.12,0.2,86
FR1_to_FR2_seed1,FR1,FR2,1,spring_peas,0.96,0.39,0.56,61
FR1_to_FR2_seed1,FR1,FR2,1,sunflowers,0.56,0.75,0.64,245
FR1_to_FR2_seed1,FR1,FR2,1,winter_barley,0.49,0.32,0.39,824
FR1_to_FR2_seed1,FR1,FR2,1,winter_oat,0.07,0.05,0.05,87
FR1_to_FR2_seed1,FR1,FR2,1,winter_peas,0.22,0.67,0.33,12
FR1_to_FR2_seed1,FR1,FR2,1,winter_rapeseed,0.9,0.94,0.92,706
FR1_to_FR2_seed1,FR1,FR2,1,winter_triticale,0.2,0.27,0.23,509
FR1_to_FR2_seed1,FR1,FR2,1,winter_wheat,0.73,0.97,0.83,4184
FR1_to_FR2_seed2,FR1,FR2,2,corn,0.89,0.92,0.91,3867
FR1_to_FR2_seed2,FR1,FR2,2,horsebeans,0.29,0.44,0.35,88
FR1_to_FR2_seed2,FR1,FR2,2,meadow,0.98,0.6,0.74,10470
FR1_to_FR2_seed2,FR1,FR2,2,spring_barley,1.0,0.03,0.05,76
FR1_to_FR2_seed2,FR1,FR2,2,spring_peas,0.12,0.31,0.17,55
FR1_to_FR2_seed2,FR1,FR2,2,sunflowers,0.68,0.46,0.55,256
FR1_to_FR2_seed2,FR1,FR2,2,winter_barley,0.37,0.82,0.51,857
FR1_to_FR2_seed2,FR1,FR2,2,winter_oat,0.0,0.0,0.0,86
FR1_to_FR2_seed2,FR1,FR2,2,winter_peas,0.04,0.58,0.07,12
FR1_to_FR2_seed2,FR1,FR2,2,winter_rapeseed,0.9,0.77,0.83,749
FR1_to_FR2_seed2,FR1,FR2,2,winter_triticale,0.11,0.0,0.01,516
FR1_to_FR2_seed2,FR1,FR2,2,winter_wheat,0.5,0.92,0.65,4189
FR2_to_AT1_seed1,FR2,AT1,1,corn,0.98,0.99,0.98,2053
FR2_to_AT1_seed1,FR2,AT1,1,horsebeans,0.29,0.05,0.09,92
FR2_to_AT1_seed1,FR2,AT1,1,meadow,0.93,0.99,0.96,3630
FR2_to_AT1_seed1,FR2,AT1,1,spring_barley,0.22,0.42,0.29,57
FR2_to_AT1_seed1,FR2,AT1,1,spring_peas,0.43,0.46,0.44,13
FR2_to_AT1_seed1,FR2,AT1,1,sunflowers,0.12,0.5,0.19,6
FR2_to_AT1_seed1,FR2,AT1,1,winter_barley,0.85,0.2,0.32,896
FR2_to_AT1_seed1,FR2,AT1,1,winter_oat,0.0,0.0,0.0,0
FR2_to_AT1_seed1,FR2,AT1,1,winter_rapeseed,0.86,0.82,0.84,204
FR2_to_AT1_seed1,FR2,AT1,1,winter_triticale,0.36,0.16,0.22,304
FR2_to_AT1_seed1,FR2,AT1,1,winter_wheat,0.63,0.82,0.71,1291
FR2_to_DK1_seed1,FR2,DK1,1,corn,0.33,0.92,0.48,806
FR2_to_DK1_seed1,FR2,DK1,1,horsebeans,0.02,0.09,0.03,64
FR2_to_DK1_seed1,FR2,DK1,1,meadow,0.69,0.92,0.79,2637
FR2_to_DK1_seed1,FR2,DK1,1,spring_barley,0.78,0.26,0.39,2703
FR2_to_DK1_seed1,FR2,DK1,1,spring_peas,0.09,0.15,0.11,52
FR2_to_DK1_seed1,FR2,DK1,1,sunflowers,0.0,0.0,0.0,0
FR2_to_DK1_seed1,FR2,DK1,1,winter_barley,0.1,0.07,0.08,739
FR2_to_DK1_seed1,FR2,DK1,1,winter_oat,0.0,0.0,0.0,1
FR2_to_DK1_seed1,FR2,DK1,1,winter_rapeseed,0.92,0.44,0.6,568
FR2_to_DK1_seed1,FR2,DK1,1,winter_triticale,0.06,0.08,0.07,78
FR2_to_DK1_seed1,FR2,DK1,1,winter_wheat,0.71,0.54,0.62,1976
FR2_to_DK1_seed2,FR2,DK1,2,corn,0.21,0.95,0.34,791
FR2_to_DK1_seed2,FR2,DK1,2,horsebeans,0.0,0.0,0.0,64
FR2_to_DK1_seed2,FR2,DK1,2,meadow,0.77,0.82,0.79,2581
FR2_to_DK1_seed2,FR2,DK1,2,spring_barley,0.36,0.03,0.05,2677
FR2_to_DK1_seed2,FR2,DK1,2,spring_peas,0.04,0.06,0.05,63
FR2_to_DK1_seed2,FR2,DK1,2,sunflowers,0.0,0.0,0.0,0
FR2_to_DK1_seed2,FR2,DK1,2,winter_barley,0.59,0.31,0.4,732
FR2_to_DK1_seed2,FR2,DK1,2,winter_oat,0.0,0.0,0.0,1
FR2_to_DK1_seed2,FR2,DK1,2,winter_rapeseed,0.98,0.28,0.43,630
FR2_to_DK1_seed2,FR2,DK1,2,winter_triticale,0.01,0.02,0.02,94
FR2_to_DK1_seed2,FR2,DK1,2,winter_wheat,0.74,0.63,0.68,1991
FR2_to_FR1_seed1,FR2,FR1,1,corn,0.55,0.97,0.7,1336
FR2_to_FR1_seed1,FR2,FR1,1,horsebeans,0.37,0.49,0.42,134
FR2_to_FR1_seed1,FR2,FR1,1,meadow,0.67,0.97,0.79,2993
FR2_to_FR1_seed1,FR2,FR1,1,spring_barley,0.02,0.04,0.02,50
FR2_to_FR1_seed1,FR2,FR1,1,spring_peas,0.14,0.05,0.07,66
FR2_to_FR1_seed1,FR2,FR1,1,sunflowers,0.99,0.41,0.58,3281
FR2_to_FR1_seed1,FR2,FR1,1,winter_barley,0.66,0.5,0.57,853
FR2_to_FR1_seed1,FR2,FR1,1,winter_oat,0.07,0.17,0.1,58
FR2_to_FR1_seed1,FR2,FR1,1,winter_rapeseed,0.85,0.77,0.81,508
FR2_to_FR1_seed1,FR2,FR1,1,winter_triticale,0.22,0.26,0.24,166
FR2_to_FR1_seed1,FR2,FR1,1,winter_wheat,0.92,0.85,0.89,5253
