class_name,domain,channel,mean_over_time,std_over_time,range,argmax_date,argmin_date,n_parcels
corn,DK1,channel_0,0.03689151084993997,0.014465307793702956,0.059702101886973634,2017-08-26,2017-08-23,4047
corn,DK1,channel_1,0.03281075805543016,0.013786806901294385,0.05648028576954652,2017-08-26,2017-08-23,4047
corn,DK1,channel_2,0.0330522065443712,0.014930500754830137,0.062523304407405,2017-08-26,2017-08-23,4047
corn,DK1,channel_3,0.048531104914768156,0.015247352967847856,0.06264857716510608,2017-07-17,2017-11-06,4047
corn,DK1,channel_4,0.03584769912077055,0.014472426169638567,0.059520091402375706,2017-08-26,2017-08-23,4047
corn,DK1,channel_5,0.04499147588760254,0.014753711543045498,0.05933926113904045,2017-06-22,2017-11-06,4047
corn,DK1,channel_6,0.05017814108557216,0.016133532861671677,0.06484584921742852,2017-06-22,2017-11-06,4047
corn,DK1,channel_7,0.05286037895274913,0.016346102169884316,0.06621772508117164,2017-06-22,2017-11-06,4047
corn,DK1,channel_8,0.03299251461421478,0.011449572274734528,0.05549243249887399,2017-06-22,2017-12-16,4047
corn,DK1,channel_9,0.023939510321519364,0.009375950035781552,0.04052826178819096,2017-06-22,2017-12-16,4047
spring_barley,DK1,channel_0,0.03861129053719829,0.014123798630790399,0.06521491220243385,2017-08-26,2017-07-19,13838
spring_barley,DK1,channel_1,0.034582555468045874,0.013498191233433057,0.062358252114465475,2017-08-26,2017-11-06,13838
spring_barley,DK1,channel_2,0.035125075761532495,0.01469160335206088,0.06923044932807243,2017-08-26,2017-11-06,13838
spring_barley,DK1,channel_3,0.050210037481322495,0.014316958560236357,0.06008350240962704,2017-07-02,2017-03-24,13838
spring_barley,DK1,channel_4,0.038410946300638335,0.013879604645742604,0.0637963162821154,2017-08-26,2017-11-06,13838
spring_barley,DK1,channel_5,0.047136685648572714,0.013932634766873989,0.06161051511075045,2017-08-26,2017-03-24,13838
spring_barley,DK1,channel_6,0.0518004911135465,0.01520481393072705,0.0651466395396289,2017-06-22,2017-03-24,13838
spring_barley,DK1,channel_7,0.05484908778742914,0.015319620364976435,0.06590420584358139,2017-06-22,2017-03-24,13838
spring_barley,DK1,channel_8,0.03465666456103567,0.01038014406573863,0.04996530700236035,2017-09-25,2017-12-16,13838
spring_barley,DK1,channel_9,0.024978661016019935,0.008548346186475927,0.039055243939940115,2017-09-25,2017-12-16,13838
meadow,DK1,channel_0,0.03753614355914019,0.014176649793448893,0.060453725621706395,2017-08-26,2017-08-23,12676
meadow,DK1,channel_1,0.03377126223134153,0.013455653949836967,0.05776980080056521,2017-08-26,2017-11-06,12676
meadow,DK1,channel_2,0.03303605532647283,0.015003920553937762,0.06466817592713424,2017-08-26,2017-11-06,12676
meadow,DK1,channel_3,0.05514687661834455,0.012341519929899342,0.054471976147443486,2017-06-22,2017-11-21,12676
meadow,DK1,channel_4,0.03751422881248863,0.013801035605497844,0.05928565334623418,2017-08-26,2017-11-06,12676
meadow,DK1,channel_5,0.05073707241716696,0.012374947298265646,0.05184004315782776,2017-06-22,2017-11-21,12676
meadow,DK1,channel_6,0.05671598228989234,0.01315522006052213,0.059289018452528416,2017-06-22,2017-11-21,12676
meadow,DK1,channel_7,0.060338318536579554,0.01323644209465201,0.06219847832691056,2017-06-22,2017-11-21,12676
meadow,DK1,channel_8,0.03391263243872853,0.010413597788132714,0.0548602528689487,2017-06-22,2017-12-16,12676
meadow,DK1,channel_9,0.023088007594092425,0.008246380086438356,0.039083763542854706,2017-06-22,2017-12-16,12676
winter_wheat,DK1,channel_0,0.038927573650268735,0.014513657564138027,0.06181901110869112,2017-08-26,2017-03-24,9860
winter_wheat,DK1,channel_1,0.034638697701654834,0.013951615736822895,0.05964979283082544,2017-08-26,2017-03-24,9860
winter_wheat,DK1,channel_2,0.034948666718577125,0.015333962387193185,0.06543350085103872,2017-08-26,2017-03-24,9860
winter_wheat,DK1,channel_3,0.049198200529843694,0.01471056408863471,0.06504835681930775,2017-06-22,2017-08-23,9860
winter_wheat,DK1,channel_4,0.03796714275605857,0.0144169827508365,0.059788754533946734,2017-08-26,2017-11-06,9860
winter_wheat,DK1,channel_5,0.04642097062942782,0.014135709794224625,0.06287792688929089,2017-06-22,2017-08-23,9860
winter_wheat,DK1,channel_6,0.0510340192412314,0.015512233464911134,0.07060705137380312,2017-06-22,2017-08-23,9860
winter_wheat,DK1,channel_7,0.0536823882503213,0.015768243471476054,0.0715859981076988,2017-06-22,2017-08-23,9860
winter_wheat,DK1,channel_8,0.03422133099104605,0.010186989803759962,0.053477262176715605,2017-06-22,2017-12-16,9860
winter_wheat,DK1,channel_9,0.02449369375263945,0.008127241418765465,0.041905235763042885,2017-08-26,2017-12-16,9860
winter_rapeseed,DK1,channel_0,0.03905391942320665,0.014624937151441145,0.06386275618575926,2017-08-26,2017-03-24,2917
winter_rapeseed,DK1,channel_1,0.03509907764166518,0.013999358157347689,0.06144440325655318,2017-08-26,2017-03-24,2917
winter_rapeseed,DK1,channel_2,0.03517765030931635,0.015443661362324026,0.06821445029350057,2017-08-26,2017-03-24,2917
winter_rapeseed,DK1,channel_3,0.052142314241833236,0.01548609539967023,0.0694007699333729,2017-06-22,2017-11-06,2917
winter_rapeseed,DK1,channel_4,0.038916307322399146,0.014364403385766588,0.062088691818352165,2017-08-26,2017-11-06,2917
winter_rapeseed,DK1,channel_5,0.049244391721399564,0.01465162045455269,0.0674515747075447,2017-06-22,2017-11-06,2917
winter_rapeseed,DK1,channel_6,0.05399636567353169,0.016280196724543713,0.07480958067685649,2017-06-22,2017-11-06,2917
winter_rapeseed,DK1,channel_7,0.05681342196388305,0.0165577053469882,0.07654697819131541,2017-06-22,2017-11-06,2917
winter_rapeseed,DK1,channel_8,0.0337232509179289,0.01064748845219957,0.05459291702110391,2017-06-22,2017-12-16,2917
winter_rapeseed,DK1,channel_9,0.02416981480287778,0.008382597947773284,0.042153875922202176,2017-08-26,2017-12-16,2917
unknown,DK1,channel_0,0.03838094116843901,0.014594475068933665,0.06634096660614971,2017-08-26,2017-08-23,6413
unknown,DK1,channel_1,0.03425499024463392,0.014092299867632156,0.06371742398089422,2017-08-26,2017-11-06,6413
unknown,DK1,channel_2,0.034259440054565785,0.01540694866762705,0.06990543858871508,2017-08-26,2017-11-06,6413
unknown,DK1,channel_3,0.05122445945345159,0.014541572013434345,0.059361985998813926,2017-07-17,2017-11-06,6413
unknown,DK1,channel_4,0.03772454208991458,0.014654885849442668,0.0656245810075468,2017-08-26,2017-11-06,6413
unknown,DK1,channel_5,0.047790495843596736,0.014476625531552443,0.06160376958554206,2017-08-26,2017-11-06,6413
unknown,DK1,channel_6,0.052723202944312555,0.015424682741777183,0.06372227956947388,2017-08-26,2017-11-06,6413
unknown,DK1,channel_7,0.055892051498167325,0.015449657325776784,0.06299785144558469,2017-08-26,2017-11-06,6413
unknown,DK1,channel_8,0.03360834976612244,0.01082370060594391,0.04907367308609763,2017-09-25,2017-12-16,6413
unknown,DK1,channel_9,0.02391931465552494,0.008583601497341466,0.03790375910149813,2017-09-25,2017-12-16,6413
winter_barley,DK1,channel_0,0.03947651358047434,0.014180219043095238,0.0656374083291357,2017-08-26,2017-03-24,3738
winter_barley,DK1,channel_1,0.03550705004153641,0.013494763876502003,0.06177147105617207,2017-08-26,2017-03-24,3738
winter_barley,DK1,channel_2,0.035714668979462086,0.015117072787373198,0.0694263518985796,2017-08-26,2017-03-24,3738
winter_barley,DK1,channel_3,0.05282930532123445,0.012310350136270916,0.0565859259444662,2017-06-22,2017-08-23,3738
winter_barley,DK1,channel_4,0.039436425625715615,0.013865748711210497,0.062066968303441314,2017-08-26,2017-11-06,3738
winter_barley,DK1,channel_5,0.04973165215818839,0.01212560710482393,0.05850165378960073,2017-08-26,2017-08-23,3738
winter_barley,DK1,channel_6,0.054644891518384336,0.012960586784165725,0.06155286559358492,2017-06-22,2017-08-23,3738
winter_barley,DK1,channel_7,0.05766296530792865,0.013174172612453159,0.06282357134858438,2017-06-22,2017-08-23,3738
winter_barley,DK1,channel_8,0.035360750514070435,0.010717349950374242,0.05230345079607366,2017-08-26,2017-12-16,3738
winter_barley,DK1,channel_9,0.02516202604790637,0.008506922551278598,0.04183842102074164,2017-08-26,2017-12-16,3738
winter_rye,DK1,channel_0,0.03879147966152959,0.014272605829293367,0.062464479041256155,2017-08-26,2017-03-24,3856
winter_rye,DK1,channel_1,0.03470039660870366,0.013633848239148504,0.05966935962558291,2017-08-26,2017-03-24,3856
winter_rye,DK1,channel_2,0.03502030312314096,0.014972294979700306,0.06583910784068428,2017-08-26,2017-03-24,3856
winter_rye,DK1,channel_3,0.049919334477142016,0.013855816085179289,0.05845793633128747,2017-06-22,2017-11-06,3856
winter_rye,DK1,channel_4,0.038304218277140194,0.014067958086562844,0.06086269288218345,2017-08-26,2017-11-06,3856
winter_rye,DK1,channel_5,0.04714478581870769,0.013599476168968115,0.05793310375844201,2017-06-22,2017-08-23,3856
winter_rye,DK1,channel_6,0.05164006960779149,0.014602418522490451,0.06339878343350391,2017-06-22,2017-08-23,3856
winter_rye,DK1,channel_7,0.05437498759936007,0.01473237760993432,0.06443298369635521,2017-06-22,2017-11-06,3856
winter_rye,DK1,channel_8,0.03376612615803612,0.010343270758413063,0.05099979000957488,2017-06-22,2017-12-16,3856
winter_rye,DK1,channel_9,0.024078528074335772,0.007985700652122278,0.039031033993539826,2017-08-26,2017-12-16,3856
spring_peas,DK1,channel_0,0.03981295632680907,0.014866531187817819,0.06255492955535058,2017-06-22,2017-03-24,339
spring_peas,DK1,channel_1,0.035798512478628725,0.014190749608399406,0.06107533030669406,2017-06-22,2017-03-24,339
spring_peas,DK1,channel_2,0.035632489623561775,0.015707562966957855,0.06677270821941576,2017-06-22,2017-11-06,339
spring_peas,DK1,channel_3,0.0546309937740954,0.014056577837245354,0.06901278169174926,2017-06-22,2017-03-24,339
spring_peas,DK1,channel_4,0.03963495473869502,0.014677151562243498,0.06293440649621737,2017-06-22,2017-11-06,339
spring_peas,DK1,channel_5,0.05118977057968104,0.013958450818564496,0.0697087264664416,2017-06-22,2017-03-24,339
spring_peas,DK1,channel_6,0.05649166575928633,0.014932524870598703,0.07584069114284314,2017-06-22,2017-03-24,339
spring_peas,DK1,channel_7,0.05960128241433753,0.014945552330253456,0.07579212930003942,2017-06-22,2017-03-24,339
spring_peas,DK1,channel_8,0.035498080901989186,0.01075784769073412,0.05747953734656126,2017-06-22,2017-12-16,339
spring_peas,DK1,channel_9,0.025411933043288308,0.009085167431390083,0.04043875562810936,2017-06-22,2017-12-16,339
spring_oat,DK1,channel_0,0.03891174908650346,0.014249558874328074,0.0617710874131157,2017-08-26,2017-03-24,1534
spring_oat,DK1,channel_1,0.034705260296997484,0.013700159976694501,0.059536670561299784,2017-08-26,2017-11-06,1534
spring_oat,DK1,channel_2,0.03515233383194462,0.01491890374611395,0.06612054903942105,2017-08-26,2017-11-06,1534
spring_oat,DK1,channel_3,0.05020674200525442,0.014665213505006774,0.06337114806310934,2017-06-22,2017-03-24,1534
spring_oat,DK1,channel_4,0.03834665211515827,0.014164223608700417,0.06148834512832109,2017-08-26,2017-11-06,1534
spring_oat,DK1,channel_5,0.04710378262754597,0.01423072350871137,0.062244031548815304,2017-06-22,2017-03-24,1534
spring_oat,DK1,channel_6,0.05186303955508079,0.015555008094317122,0.06985127828983614,2017-06-22,2017-03-24,1534
spring_oat,DK1,channel_7,0.05482935877281145,0.015648645336447806,0.07019635467348001,2017-06-22,2017-03-24,1534
spring_oat,DK1,channel_8,0.03450959219533262,0.010523631688110126,0.05363400073271989,2017-06-22,2017-12-16,1534
spring_oat,DK1,channel_9,0.024929218996801103,0.008669244001997829,0.03980531460025275,2017-08-26,2017-12-16,1534
horsebeans,DK1,channel_0,0.03816010331571015,0.014323596772459776,0.06377632285047788,2017-08-26,2017-08-23,318
horsebeans,DK1,channel_1,0.0338297412973323,0.013797208172531578,0.0614436220187857,2017-08-26,2017-08-23,318
horsebeans,DK1,channel_2,0.0339749507400089,0.014999462974956185,0.06815395009702854,2017-08-26,2017-08-23,318
horsebeans,DK1,channel_3,0.04926973792615967,0.015927192259177596,0.06312780219687651,2017-06-22,2017-11-06,318
horsebeans,DK1,channel_4,0.03694433930848918,0.014293371542043461,0.06367122071727067,2017-08-26,2017-08-23,318
horsebeans,DK1,channel_5,0.04635672723548028,0.015028188636530096,0.06115957555560994,2017-06-22,2017-03-24,318
horsebeans,DK1,channel_6,0.0510583088570898,0.01680172249290513,0.06894508649219594,2017-06-22,2017-03-24,318
horsebeans,DK1,channel_7,0.05382321610910185,0.017073349920317876,0.06998136712939192,2017-06-22,2017-11-26,318
horsebeans,DK1,channel_8,0.03362191927332056,0.010406588185854519,0.0523155025386348,2017-06-22,2017-12-16,318
horsebeans,DK1,channel_9,0.024371334718834285,0.008916732377014099,0.04047314734243755,2017-08-26,2017-12-16,318
winter_triticale,DK1,channel_0,0.040984182195297696,0.01611776661632533,0.07380469913254231,2017-08-26,2017-03-24,389
winter_triticale,DK1,channel_1,0.03666090984998863,0.015391693380323958,0.07043685967128076,2017-08-26,2017-03-24,389
winter_triticale,DK1,channel_2,0.03692466362481485,0.017145523809020225,0.07863336058810727,2017-08-26,2017-03-24,389
winter_triticale,DK1,channel_3,0.05290337272112262,0.015279241793047784,0.06332344653063807,2017-07-17,2017-10-30,389
winter_triticale,DK1,channel_4,0.040400288058305416,0.016076522047540214,0.07051983721054023,2017-08-26,2017-11-06,389
winter_triticale,DK1,channel_5,0.04992091494129288,0.014931914626639758,0.06515981094974913,2017-08-26,2017-08-23,389
winter_triticale,DK1,channel_6,0.054802890263281924,0.015966580493283478,0.06781876818213069,2017-08-26,2017-10-30,389
winter_triticale,DK1,channel_7,0.057662129235464925,0.016120996434949478,0.06793599578651377,2017-08-26,2017-10-30,389
winter_triticale,DK1,channel_8,0.035177723704221356,0.010711331575792328,0.057638029744821344,2017-08-26,2017-12-16,389
winter_triticale,DK1,channel_9,0.02493293844393121,0.00826234823361574,0.043946546187884426,2017-08-26,2017-12-16,389
spring_wheat,DK1,channel_0,0.03865672924061104,0.013812407397203338,0.058891023097593094,2017-08-26,2017-08-23,311
spring_wheat,DK1,channel_1,0.03446736892077106,0.0133386332644649,0.05645294537937387,2017-08-26,2017-03-24,311
spring_wheat,DK1,channel_2,0.034786865947936216,0.014544083311030024,0.06170148564663622,2017-08-26,2017-11-06,311
spring_wheat,DK1,channel_3,0.04977107229553594,0.01452236015660833,0.05963577486896857,2017-07-02,2017-03-24,311
spring_wheat,DK1,channel_4,0.03793735258839078,0.01386589707626064,0.05720107588036784,2017-08-26,2017-08-23,311
spring_wheat,DK1,channel_5,0.046747572435549695,0.014069344924810118,0.056649618514758665,2017-06-22,2017-03-24,311
spring_wheat,DK1,channel_6,0.051470818501340866,0.015396453641895057,0.06503847940933014,2017-06-22,2017-03-24,311
spring_wheat,DK1,channel_7,0.054340580137969524,0.01550943900003758,0.0658088567420511,2017-06-22,2017-03-24,311
spring_wheat,DK1,channel_8,0.034240374577814835,0.010000635373707956,0.04861068473790133,2017-06-22,2017-12-16,311
spring_wheat,DK1,channel_9,0.02459422107624526,0.008350070652314346,0.03722861022293166,2017-08-26,2017-12-16,311
spring_triticale,DK1,channel_0,0.03992821090638046,0.014835358722113915,0.06920229001314754,2017-08-26,2017-03-24,36
spring_triticale,DK1,channel_1,0.03561206423988564,0.0142368142981184,0.0667416363018374,2017-08-26,2017-03-24,36
spring_triticale,DK1,channel_2,0.035604151154178136,0.01574195424879254,0.07274343232462452,2017-08-26,2017-11-06,36
spring_triticale,DK1,channel_3,0.05221710406899064,0.015051328312864189,0.06286990261104626,2017-08-26,2017-03-24,36
spring_triticale,DK1,channel_4,0.03923751997099981,0.014870869105522778,0.0670815619748382,2017-08-26,2017-10-30,36
spring_triticale,DK1,channel_5,0.049187108145027136,0.014526628058381886,0.06511769145567214,2017-08-26,2017-03-24,36
spring_triticale,DK1,channel_6,0.05407122434023193,0.01570955493759131,0.06827215616287378,2017-08-26,2017-03-24,36
spring_triticale,DK1,channel_7,0.05711791847290394,0.015831556613953197,0.06818935421867126,2017-08-26,2017-03-24,36
spring_triticale,DK1,channel_8,0.03617827482105865,0.010556114953611171,0.05747172152176528,2017-08-26,2017-12-16,36
spring_triticale,DK1,channel_9,0.026090251998715366,0.008927164318555225,0.04626530983504888,2017-08-26,2017-12-16,36
spring_rye,DK1,channel_0,0.0394480853131171,0.016106138693022777,0.06576680230040403,2017-08-26,2017-07-19,45
spring_rye,DK1,channel_1,0.03559416964912396,0.015402222344324151,0.0628400290904292,2017-08-26,2017-03-24,45
spring_rye,DK1,channel_2,0.03478274760145425,0.017441306164685984,0.0701644180307836,2017-08-26,2017-11-06,45
spring_rye,DK1,channel_3,0.05718421766616308,0.013971409848986979,0.06484868010212029,2017-07-02,2017-03-11,45
spring_rye,DK1,channel_4,0.039342562165593516,0.016220497945715697,0.06578229694463568,2017-07-02,2017-11-06,45
spring_rye,DK1,channel_5,0.05312576824120589,0.01426235152634194,0.06507699623936161,2017-07-02,2017-03-24,45
spring_rye,DK1,channel_6,0.05907952877520843,0.01484322334436201,0.0668889731107526,2017-07-02,2017-03-24,45
spring_rye,DK1,channel_7,0.06247896878408176,0.014904326529240331,0.06574777571108574,2017-07-02,2017-03-11,45
spring_rye,DK1,channel_8,0.03522187814826525,0.012614130354670489,0.062365898888813415,2017-09-25,2017-12-16,45
spring_rye,DK1,channel_9,0.0247089501227785,0.010479261648034466,0.04930001296630573,2017-09-25,2017-12-16,45
spring_rapeseed,DK1,channel_0,0.04114474292218529,0.018919320334060533,0.08096436786182604,2017-08-26,2017-07-19,14
spring_rapeseed,DK1,channel_1,0.03716371136607839,0.018266835426200733,0.07490555623109273,2017-08-26,2017-07-19,14
spring_rapeseed,DK1,channel_2,0.037784872339516905,0.0202784659950141,0.0845646428606573,2017-08-26,2017-07-19,14
spring_rapeseed,DK1,channel_3,0.05283117487455898,0.020258715920278517,0.077364861759588,2017-08-06,2017-03-11,14
spring_rapeseed,DK1,channel_4,0.04130803514177069,0.019547738376756732,0.07605769398608153,2017-08-26,2017-10-27,14
spring_rapeseed,DK1,channel_5,0.05017313807015296,0.02001729565635337,0.07816496647112749,2017-08-26,2017-03-11,14
spring_rapeseed,DK1,channel_6,0.0546177596488535,0.021299223713759592,0.08267922672131711,2017-08-26,2017-03-11,14
spring_rapeseed,DK1,channel_7,0.05752585404088124,0.021369669990001002,0.08298118147859895,2017-08-26,2017-03-11,14
spring_rapeseed,DK1,channel_8,0.03494190748337339,0.012657053823561708,0.05881882317807306,2017-04-03,2017-12-16,14
spring_rapeseed,DK1,channel_9,0.025738424241220297,0.010743415777747125,0.051118241156537146,2017-04-03,2017-12-16,14
winter_oat,DK1,channel_0,0.0450324100033532,0.03130389576873629,0.11640396579392821,2017-06-22,2017-06-19,1
winter_oat,DK1,channel_1,0.04042338215325091,0.030739097929473002,0.11501927421367544,2017-03-21,2017-06-19,1
winter_oat,DK1,channel_2,0.04110967009178988,0.03499190268428963,0.14000941404062778,2017-03-21,2017-06-19,1
winter_oat,DK1,channel_3,0.056357086079882664,0.03205356144234583,0.14173898537849489,2017-03-21,2017-09-12,1
winter_oat,DK1,channel_4,0.04495255627908254,0.03437803187250357,0.14663170023004918,2017-03-21,2017-06-19,1
winter_oat,DK1,channel_5,0.05412072671539408,0.03326463349686142,0.15047205982571094,2017-03-21,2017-09-12,1
winter_oat,DK1,channel_6,0.058646998742374085,0.034141201649387,0.1557789666021391,2017-03-21,2017-09-12,1
winter_oat,DK1,channel_7,0.06178171063980561,0.03470792738001429,0.16142971862622252,2017-03-21,2017-09-12,1
winter_oat,DK1,channel_8,0.03898140707081589,0.023368050131627956,0.11006591121576903,2017-03-21,2017-12-16,1
winter_oat,DK1,channel_9,0.027823980915678583,0.01907796032887848,0.08264997484847661,2017-03-21,2017-06-19,1
meadow,FR2,channel_0,0.030798177784328314,0.015223917602232928,0.06512020472482537,2017-07-13,2017-04-12,52537
meadow,FR2,channel_1,0.028605217379178982,0.014203997574234588,0.061010577286956184,2017-07-13,2017-04-12,52537
meadow,FR2,channel_2,0.02751114362136593,0.015916975186344252,0.06826022226793559,2017-07-13,2017-04-12,52537
meadow,FR2,channel_3,0.051928029819673815,0.013323836103614147,0.06350417201520978,2017-05-19,2017-07-16,52537
meadow,FR2,channel_4,0.032190223191693124,0.014868555390081093,0.06373325675325622,2017-07-13,2017-10-14,52537
meadow,FR2,channel_5,0.04665627176093911,0.01299793278198149,0.06298203334530049,2017-05-19,2017-07-16,52537
meadow,FR2,channel_6,0.05323103717864802,0.013518651885305499,0.06491973950306136,2017-05-19,2017-07-16,52537
meadow,FR2,channel_7,0.05732114207720095,0.013476117309596117,0.06293866980597679,2017-05-19,2017-07-16,52537
meadow,FR2,channel_8,0.03639444940829781,0.0104805395708206,0.04931774790517886,2017-07-13,2017-12-28,52537
meadow,FR2,channel_9,0.02354850855087454,0.009177276315149543,0.04145411546955299,2017-07-13,2017-04-12,52537
unknown,FR2,channel_0,0.02899953604600012,0.014329224368107409,0.06479053712552091,2017-07-13,2017-04-12,9510
unknown,FR2,channel_1,0.026968071736698497,0.0133197325014584,0.06105106474383486,2017-07-13,2017-11-13,9510
unknown,FR2,channel_2,0.026800707317630935,0.014348833889350395,0.06590571918897076,2017-07-13,2017-11-13,9510
unknown,FR2,channel_3,0.04432435192282577,0.0142131542055004,0.0629784405874449,2017-07-13,2017-11-13,9510
unknown,FR2,channel_4,0.030369288889810473,0.01398330172785909,0.06437162573860022,2017-07-13,2017-11-13,9510
unknown,FR2,channel_5,0.04074188005610431,0.013781340114070052,0.06233978091003802,2017-07-13,2017-11-13,9510
unknown,FR2,channel_6,0.045754598644637996,0.014493522507665111,0.06493745974022744,2017-07-13,2017-11-13,9510
unknown,FR2,channel_7,0.04886782673166072,0.014775759887920195,0.06535473481162955,2017-07-13,2017-11-13,9510
unknown,FR2,channel_8,0.033919386624025404,0.01100913231705661,0.05107338997707574,2017-07-13,2017-12-28,9510
unknown,FR2,channel_9,0.023272019971360414,0.008873577049211535,0.04191523595065609,2017-07-03,2017-12-08,9510
corn,FR2,channel_0,0.03230137244161309,0.014880306163019063,0.0648799753144536,2017-07-13,2017-07-16,19088
corn,FR2,channel_1,0.030184190188032804,0.013839375850343002,0.06134968376903546,2017-07-13,2017-07-16,19088
corn,FR2,channel_2,0.030243019599750044,0.015181761013434878,0.0666942016189608,2017-07-13,2017-07-16,19088
corn,FR2,channel_3,0.04974222908728183,0.013175921326924004,0.06318434489921705,2017-07-13,2017-11-13,19088
corn,FR2,channel_4,0.033758323543240036,0.014562362188282232,0.06595051118850326,2017-07-13,2017-07-16,19088
corn,FR2,channel_5,0.04532918437964433,0.012961029643022632,0.061043404641437315,2017-07-13,2017-11-13,19088
corn,FR2,channel_6,0.05150244616839077,0.013421300458045553,0.06472401406744639,2017-07-13,2017-11-13,19088
corn,FR2,channel_7,0.05460731355005467,0.013563966340092277,0.06562899691885035,2017-07-13,2017-11-13,19088
corn,FR2,channel_8,0.03692266808119647,0.010352008351223125,0.04678596052724915,2017-07-13,2017-11-28,19088
corn,FR2,channel_9,0.025851128704937377,0.009102998298184872,0.039370772426722295,2017-07-13,2017-07-16,19088
winter_barley,FR2,channel_0,0.03193265315323451,0.01525376952755834,0.06416444747834195,2017-07-13,2017-04-12,4083
winter_barley,FR2,channel_1,0.02992519457518011,0.01422963481141764,0.06085675051605093,2017-07-13,2017-04-12,4083
winter_barley,FR2,channel_2,0.029771736766341147,0.016040852115525975,0.06865712888234578,2017-07-13,2017-04-12,4083
winter_barley,FR2,channel_3,0.05178821721086638,0.013476273931673766,0.06150764849058513,2017-05-19,2017-07-16,4083
winter_barley,FR2,channel_4,0.03374129826826403,0.015009331457954602,0.06521020088414492,2017-07-13,2017-04-12,4083
winter_barley,FR2,channel_5,0.04694483009605463,0.012718452342248537,0.058328369970551686,2017-05-19,2017-06-21,4083
winter_barley,FR2,channel_6,0.05350120896412978,0.013623128596896085,0.06251610526826291,2017-05-19,2017-07-16,4083
winter_barley,FR2,channel_7,0.05687296252222529,0.013608472419442652,0.06103224319063145,2017-05-19,2017-07-16,4083
winter_barley,FR2,channel_8,0.03597321331081131,0.011698399453848018,0.051679594072948934,2017-07-13,2017-04-12,4083
winter_barley,FR2,channel_9,0.024628590381404764,0.010426154935065612,0.04507661179750636,2017-07-03,2017-04-12,4083
winter_wheat,FR2,channel_0,0.030803330170972597,0.014887995987951385,0.06464435702311078,2017-07-13,2017-04-12,20990
winter_wheat,FR2,channel_1,0.028574881002107436,0.0139785999017649,0.06192918467485616,2017-07-13,2017-04-12,20990
winter_wheat,FR2,channel_2,0.028543400390249173,0.015524324258731903,0.06837849224251055,2017-07-13,2017-04-12,20990
winter_wheat,FR2,channel_3,0.047843807563618536,0.013404971221616024,0.061464515685728735,2017-05-19,2017-07-16,20990
winter_wheat,FR2,channel_4,0.03194929599893087,0.014858738590375018,0.06676261972890121,2017-07-13,2017-04-12,20990
winter_wheat,FR2,channel_5,0.04344641897426422,0.013069393835595937,0.0587402575608741,2017-07-13,2017-06-21,20990
winter_wheat,FR2,channel_6,0.049492694606868774,0.013603496626278667,0.06286362379069949,2017-05-19,2017-07-16,20990
winter_wheat,FR2,channel_7,0.052548744226380784,0.01367768262544007,0.0613177097972197,2017-05-19,2017-07-16,20990
winter_wheat,FR2,channel_8,0.03434000031357252,0.011874969401483481,0.05331931813072193,2017-07-13,2017-04-12,20990
winter_wheat,FR2,channel_9,0.02371404970076281,0.010265614380564843,0.044327370609842265,2017-07-03,2017-04-12,20990
winter_rapeseed,FR2,channel_0,0.031817311016564875,0.015090798022827754,0.06217844583112235,2017-07-13,2017-04-12,3809
winter_rapeseed,FR2,channel_1,0.03009767941069462,0.013866395566560526,0.05778277124836234,2017-07-13,2017-11-13,3809
winter_rapeseed,FR2,channel_2,0.030051215097784658,0.015297425603159614,0.062302548221381114,2017-07-13,2017-04-12,3809
winter_rapeseed,FR2,channel_3,0.050918725111108086,0.01635927249866278,0.07321613847969292,2017-05-19,2017-11-13,3809
winter_rapeseed,FR2,channel_4,0.0341006830921966,0.014530198516751466,0.0613794745182315,2017-07-13,2017-11-13,3809
winter_rapeseed,FR2,channel_5,0.046923824751921445,0.014935518366250955,0.06930718559667885,2017-05-19,2017-11-13,3809
winter_rapeseed,FR2,channel_6,0.05271719778002973,0.016610763114156997,0.07482302072574759,2017-05-19,2017-11-13,3809
winter_rapeseed,FR2,channel_7,0.05576721244616888,0.016804722252394277,0.07539022585525057,2017-05-19,2017-11-13,3809
winter_rapeseed,FR2,channel_8,0.034664594083612756,0.011764896649822143,0.051849958398581045,2017-07-13,2017-04-12,3809
winter_rapeseed,FR2,channel_9,0.024050201670619983,0.010237151109891283,0.04345920860165618,2017-07-13,2017-04-12,3809
horsebeans,FR2,channel_0,0.031722419821049654,0.015176334874653573,0.06386214123394557,2017-05-19,2017-04-12,462
horsebeans,FR2,channel_1,0.029454478714642882,0.014168308304019595,0.05886299665471127,2017-05-19,2017-06-21,462
horsebeans,FR2,channel_2,0.029405241330041076,0.015457191058653065,0.06334811770475596,2017-05-19,2017-04-12,462
horsebeans,FR2,channel_3,0.047107712644508234,0.015430475620538626,0.07448614833460707,2017-05-19,2017-07-16,462
horsebeans,FR2,channel_4,0.03289478309694764,0.01485877345557512,0.06324772037816614,2017-05-19,2017-11-13,462
horsebeans,FR2,channel_5,0.04387658350965966,0.014691921186268353,0.07213760709652337,2017-05-19,2017-07-16,462
horsebeans,FR2,channel_6,0.048918287629103455,0.01567970543656732,0.07604759236229286,2017-05-19,2017-07-16,462
horsebeans,FR2,channel_7,0.051709153194870135,0.015764393908537355,0.07478404880749037,2017-05-19,2017-07-16,462
horsebeans,FR2,channel_8,0.03594426933121624,0.01064808208614392,0.04744508323990823,2017-07-13,2017-12-28,462
horsebeans,FR2,channel_9,0.02509271052028569,0.009309906570153258,0.04152144983707297,2017-08-22,2017-11-28,462
winter_triticale,FR2,channel_0,0.029805167125383693,0.014955277420060909,0.06482629198703109,2017-07-13,2017-04-12,2687
winter_triticale,FR2,channel_1,0.02773178616696313,0.01397446050321092,0.06156658080573306,2017-07-13,2017-04-12,2687
winter_triticale,FR2,channel_2,0.027533581677995515,0.01551426712387706,0.06819571940813371,2017-07-13,2017-04-12,2687
winter_triticale,FR2,channel_3,0.04738153987017003,0.014567582995994173,0.07181888403643727,2017-05-19,2017-07-16,2687
winter_triticale,FR2,channel_4,0.031099479522477096,0.014846651828702772,0.06592156800050115,2017-07-13,2017-04-12,2687
winter_triticale,FR2,channel_5,0.04297646107693086,0.013709719705694819,0.06816978602201322,2017-05-19,2017-07-16,2687
winter_triticale,FR2,channel_6,0.048967138884752806,0.014762289371137025,0.07350839655739819,2017-05-19,2017-07-16,2687
winter_triticale,FR2,channel_7,0.051989000156568356,0.01496049636805076,0.07232491898098539,2017-05-19,2017-07-16,2687
winter_triticale,FR2,channel_8,0.03352448346436027,0.011982664209672134,0.054252283211130375,2017-07-13,2017-04-12,2687
winter_triticale,FR2,channel_9,0.022963474542952982,0.01017364340129317,0.044522872684056455,2017-07-13,2017-04-12,2687
winter_oat,FR2,channel_0,0.032320108805807476,0.015665159641111277,0.06553086606224648,2017-07-13,2017-04-12,435
winter_oat,FR2,channel_1,0.02990594701242489,0.014734331697740523,0.062497620636032064,2017-07-13,2017-04-12,435
winter_oat,FR2,channel_2,0.029765444599962,0.016289428852151677,0.06998295792198718,2017-07-13,2017-04-12,435
winter_oat,FR2,channel_3,0.050486100410281363,0.014517669753670666,0.061425716359302995,2017-05-19,2017-07-16,435
winter_oat,FR2,channel_4,0.033459082355331,0.015549297890561541,0.06706815289251424,2017-07-13,2017-04-12,435
winter_oat,FR2,channel_5,0.04568158605868793,0.01391947906436403,0.05990274684248893,2017-05-19,2017-07-16,435
winter_oat,FR2,channel_6,0.0521150941382239,0.014793315195576091,0.06337967275416939,2017-05-19,2017-07-16,435
winter_oat,FR2,channel_7,0.05548034029323908,0.01468995027866409,0.06195058309732631,2017-05-19,2017-11-13,435
winter_oat,FR2,channel_8,0.03545886157833856,0.011466968222024294,0.0521871870583879,2017-07-13,2017-04-12,435
winter_oat,FR2,channel_9,0.02419761664329453,0.01007968383837096,0.04370445418467068,2017-07-13,2017-04-12,435
spring_rapeseed,FR2,channel_0,0.03529552215899646,0.017157210232327347,0.07574993003977801,2017-06-11,2017-04-12,10
spring_rapeseed,FR2,channel_1,0.03320511093607201,0.016118229785443652,0.07343396202707106,2017-06-11,2017-03-13,10
spring_rapeseed,FR2,channel_2,0.03244408047603503,0.01792332809981316,0.0821478626523432,2017-06-11,2017-03-13,10
spring_rapeseed,FR2,channel_3,0.05841346109864373,0.012908853646564864,0.06098344925725531,2017-06-11,2017-10-16,10
spring_rapeseed,FR2,channel_4,0.037623892445718274,0.016530312538104018,0.07623193845763594,2017-06-11,2017-03-13,10
spring_rapeseed,FR2,channel_5,0.053531428119222436,0.01330720781890024,0.06370251979653649,2017-06-11,2017-10-14,10
spring_rapeseed,FR2,channel_6,0.06025237082466684,0.013244809393536783,0.06406344984746137,2017-06-11,2017-11-13,10
spring_rapeseed,FR2,channel_7,0.06421530072043209,0.013118582862768796,0.06423541683099546,2017-06-11,2017-10-16,10
spring_rapeseed,FR2,channel_8,0.04089557108007286,0.010662345908881307,0.04999619383860367,2017-06-11,2017-12-15,10
spring_rapeseed,FR2,channel_9,0.0277760829492105,0.009350076893845281,0.04217512990968689,2017-06-11,2017-03-13,10
spring_barley,FR2,channel_0,0.026577123166784962,0.013983185228707787,0.06169173524165668,2017-07-13,2017-07-16,390
spring_barley,FR2,channel_1,0.02480418289679373,0.012966968569316607,0.057938097001158595,2017-07-13,2017-07-16,390
spring_barley,FR2,channel_2,0.025040993398887698,0.013793825838748625,0.062170050188390155,2017-07-13,2017-11-13,390
spring_barley,FR2,channel_3,0.039696902051124396,0.015933903809666625,0.06458773254495398,2017-07-13,2017-07-16,390
spring_barley,FR2,channel_4,0.028088727660798344,0.013847439881266297,0.061217579776438616,2017-07-13,2017-11-13,390
spring_barley,FR2,channel_5,0.0367766142805779,0.015041221365536168,0.06326285932527262,2017-07-13,2017-07-16,390
spring_barley,FR2,channel_6,0.04108144876672102,0.016358961742734487,0.06634168675267021,2017-07-13,2017-07-16,390
spring_barley,FR2,channel_7,0.04372362538209155,0.017000273256146,0.06669920468608423,2017-07-13,2017-07-16,390
spring_barley,FR2,channel_8,0.03134786867147463,0.013061603127528165,0.05202172577386228,2017-07-13,2017-12-28,390
spring_barley,FR2,channel_9,0.021998685806015043,0.010246916298191666,0.04151750195909464,2017-07-03,2017-11-28,390
winter_peas,FR2,channel_0,0.03217225595530061,0.015675260821542133,0.06776000856624155,2017-09-01,2017-04-12,79
winter_peas,FR2,channel_1,0.030275621714184468,0.014566793598820467,0.06408049513600168,2017-09-01,2017-11-28,79
winter_peas,FR2,channel_2,0.03060749579225073,0.015820579564837022,0.06922134146985959,2017-09-01,2017-11-28,79
winter_peas,FR2,channel_3,0.049124409894809276,0.015940172591539074,0.07356635214674666,2017-05-19,2017-11-28,79
winter_peas,FR2,channel_4,0.03437275582678066,0.015151063989916837,0.06949693576609171,2017-09-01,2017-11-28,79
winter_peas,FR2,channel_5,0.04550899864031003,0.01506782658230864,0.0699111722524925,2017-05-19,2017-11-28,79
winter_peas,FR2,channel_6,0.050799503462328484,0.016137526241828442,0.07447262408635665,2017-05-19,2017-11-28,79
winter_peas,FR2,channel_7,0.05381656366628093,0.016273898860846514,0.07499707793612113,2017-05-19,2017-11-28,79
winter_peas,FR2,channel_8,0.03683731556502176,0.010889040103649529,0.05394653965378196,2017-07-13,2017-11-28,79
winter_peas,FR2,channel_9,0.02598198990643703,0.009391234973418533,0.04302362987149244,2017-07-13,2017-11-28,79
spring_peas,FR2,channel_0,0.030371836084709693,0.013924940299203877,0.05606586397272535,2017-07-13,2017-11-13,277
spring_peas,FR2,channel_1,0.02858574855533269,0.012898680697616778,0.05398393044542566,2017-07-13,2017-11-13,277
spring_peas,FR2,channel_2,0.029133761581518217,0.013830511065480743,0.05804680203419644,2017-07-13,2017-11-28,277
spring_peas,FR2,channel_3,0.044257801321320574,0.01494988547203052,0.06265056458684554,2017-05-19,2017-11-13,277
spring_peas,FR2,channel_4,0.03243892686844589,0.013575416914240492,0.05744251066359958,2017-07-13,2017-11-13,277
spring_peas,FR2,channel_5,0.04144687117372367,0.014229911836800698,0.05964620880407111,2017-07-13,2017-11-13,277
spring_peas,FR2,channel_6,0.04590826070918875,0.015265976729936308,0.06420554677831969,2017-05-19,2017-11-13,277
spring_peas,FR2,channel_7,0.04852753977836523,0.01570443730567501,0.06548378520003348,2017-07-13,2017-11-13,277
spring_peas,FR2,channel_8,0.034888741581670026,0.01117004511464541,0.04990067140110538,2017-07-13,2017-11-28,277
spring_peas,FR2,channel_9,0.025169352810889185,0.009320847359523496,0.04036085645912016,2017-07-13,2017-11-28,277
spring_wheat,FR2,channel_0,0.02820744412096619,0.014556692590750231,0.056001808823114604,2017-08-22,2017-04-12,32
spring_wheat,FR2,channel_1,0.02613781245101841,0.013548380541252507,0.05261827761441633,2017-08-22,2017-05-22,32
spring_wheat,FR2,channel_2,0.026177708778601542,0.014613774722400996,0.05563713123557613,2017-07-13,2017-05-22,32
spring_wheat,FR2,channel_3,0.04184645444942487,0.015679708403500574,0.060396509979226624,2017-08-22,2017-07-16,32
spring_wheat,FR2,channel_4,0.029213133567396285,0.014340255716175612,0.05551837769929133,2017-08-22,2017-05-22,32
spring_wheat,FR2,channel_5,0.03851806706744713,0.014735457878833005,0.05743291161457848,2017-08-22,2017-07-16,32
spring_wheat,FR2,channel_6,0.04330295514495961,0.016009510857802636,0.06037976958862694,2017-05-19,2017-07-16,32
spring_wheat,FR2,channel_7,0.0459097838967245,0.016523263967093096,0.06159324304697719,2017-07-13,2017-09-19,32
spring_wheat,FR2,channel_8,0.03210992405404399,0.011967714071726943,0.0513297750624439,2017-07-03,2017-05-22,32
spring_wheat,FR2,channel_9,0.02231295116975634,0.00961588502921508,0.043133478812803334,2017-07-03,2017-05-22,32
sunflowers,FR2,channel_0,0.02434622822761503,0.014682806468660275,0.06118050220059329,2017-07-13,2017-07-16,1270
sunflowers,FR2,channel_1,0.02278376116240584,0.013580479955243533,0.05761575426272756,2017-07-13,2017-07-16,1270
sunflowers,FR2,channel_2,0.023122010121378503,0.014265822511908543,0.06066547092082415,2017-07-13,2017-07-16,1270
sunflowers,FR2,channel_3,0.03601288438382239,0.018355483764774923,0.07492166038755549,2017-07-13,2017-11-13,1270
sunflowers,FR2,channel_4,0.025766221110825455,0.014691721738531999,0.06121134752214105,2017-07-13,2017-07-16,1270
sunflowers,FR2,channel_5,0.033572615808003546,0.0172077499319953,0.0706929263941946,2017-07-13,2017-11-13,1270
sunflowers,FR2,channel_6,0.03734771957687043,0.01894646268743406,0.07725688888763277,2017-07-13,2017-11-13,1270
sunflowers,FR2,channel_7,0.039582457622704785,0.0197993785589825,0.07961497655319719,2017-07-13,2017-11-13,1270
sunflowers,FR2,channel_8,0.02942684036255268,0.014739626934609035,0.05665419023440503,2017-07-03,2017-11-28,1270
sunflowers,FR2,channel_9,0.021032682764802378,0.01149051597072009,0.045418147378412495,2017-07-03,2017-07-16,1270
winter_rye,FR2,channel_0,0.02576488878507825,0.015490676399935076,0.07219584322478319,2017-07-13,2017-04-12,51
winter_rye,FR2,channel_1,0.023831568372206326,0.014398371197588477,0.06825425031197101,2017-07-13,2017-04-12,51
winter_rye,FR2,channel_2,0.023475479135909364,0.015461766948896468,0.07420641877145874,2017-07-13,2017-04-12,51
winter_rye,FR2,channel_3,0.04061184286909595,0.0183211488778022,0.07337210643046815,2017-07-13,2017-07-16,51
winter_rye,FR2,channel_4,0.02671651135167759,0.01552403010747502,0.07256320103492196,2017-07-13,2017-04-12,51
winter_rye,FR2,channel_5,0.036984725602657954,0.01694829827941842,0.0719498592286844,2017-07-13,2017-07-16,51
winter_rye,FR2,channel_6,0.04192747645424991,0.018669553111621887,0.07515442100532173,2017-07-13,2017-07-16,51
winter_rye,FR2,channel_7,0.044576991620086284,0.01942611260980682,0.07555793186943106,2017-07-13,2017-07-16,51
winter_rye,FR2,channel_8,0.02899363553473305,0.013921427619210745,0.059968366351740826,2017-07-13,2017-12-28,51
winter_rye,FR2,channel_9,0.019781775376868958,0.010816429453220571,0.04777651811873423,2017-07-13,2017-04-12,51
spring_oat,FR2,channel_0,0.028710281962616765,0.014632754425198288,0.05548768421602324,2017-05-19,2017-07-16,41
spring_oat,FR2,channel_1,0.02679776525350886,0.013624330442687928,0.05107617991700672,2017-05-19,2017-07-16,41
spring_oat,FR2,channel_2,0.02680884225012528,0.014606984186153341,0.054252573608103954,2017-07-13,2017-11-13,41
spring_oat,FR2,channel_3,0.04362609267889818,0.015355321527682668,0.06019490709407591,2017-05-19,2017-07-16,41
spring_oat,FR2,channel_4,0.030303446561382442,0.01448561906943715,0.05500713613699761,2017-05-19,2017-10-14,41
spring_oat,FR2,channel_5,0.04033558579165311,0.01486483431251001,0.05985652372070792,2017-05-19,2017-07-16,41
spring_oat,FR2,channel_6,0.04508362575768099,0.0156985440824956,0.06208220347978214,2017-05-19,2017-07-16,41
spring_oat,FR2,channel_7,0.04807668437811453,0.01608462686661232,0.06083957490388623,2017-05-19,2017-07-16,41
spring_oat,FR2,channel_8,0.03334633611445766,0.012169013833656277,0.050156203714763016,2017-07-03,2017-12-08,41
spring_oat,FR2,channel_9,0.023207322348965876,0.009771711187716659,0.04200834268121739,2017-07-03,2017-12-08,41
spring_rye,FR2,channel_0,0.04122026015658503,0.027842110097704233,0.11729654042844918,2017-05-19,2017-06-08,1
spring_rye,FR2,channel_1,0.0392731121108031,0.02589208464952149,0.10832028357629758,2017-05-19,2017-04-29,1
spring_rye,FR2,channel_2,0.041771290916970724,0.02786984710419641,0.12278874542846839,2017-05-19,2017-06-08,1
spring_rye,FR2,channel_3,0.055732046794876804,0.026197942293850966,0.12053452683035536,2017-05-19,2017-04-29,1
spring_rye,FR2,channel_4,0.044697342045884256,0.027243492626887963,0.11899204829315763,2017-05-19,2017-12-18,1
spring_rye,FR2,channel_5,0.052977436566831265,0.026012132407741792,0.11458927159028098,2017-05-19,2017-10-11,1
spring_rye,FR2,channel_6,0.058016707301027655,0.026544226496169946,0.11457598855683135,2017-05-19,2017-12-18,1
spring_rye,FR2,channel_7,0.060901829264222454,0.02651941879810593,0.1148383010231778,2017-05-19,2017-12-18,1
spring_rye,FR2,channel_8,0.04847561521364498,0.019147280282014324,0.09292837645653676,2017-07-06,2017-12-18,1
spring_rye,FR2,channel_9,0.03628945100330371,0.017285939437642277,0.07428607811850771,2017-02-08,2017-12-18,1
spring_triticale,FR2,channel_0,0.03413076204871556,0.020418315990728374,0.09065371026986348,2017-05-19,2017-07-16,3
spring_triticale,FR2,channel_1,0.0316437688150178,0.019463893878588684,0.08254893915742906,2017-05-19,2017-11-28,3
spring_triticale,FR2,channel_2,0.03098270233075492,0.021458692825320532,0.09382831752126512,2017-09-11,2017-11-28,3
spring_triticale,FR2,channel_3,0.053265143955945914,0.01862548821903385,0.08173499609556331,2017-05-19,2017-07-06,3
spring_triticale,FR2,channel_4,0.03499314379522777,0.020586420061944742,0.09146197700036438,2017-09-11,2017-11-28,3
spring_triticale,FR2,channel_5,0.04850596138992312,0.01866700540916718,0.084480091423948,2017-09-11,2017-07-06,3
spring_triticale,FR2,channel_6,0.05472652137159745,0.018959437855002374,0.08394595060520246,2017-09-11,2017-07-06,3
spring_triticale,FR2,channel_7,0.058166029460561305,0.01884759845130728,0.08413428276034396,2017-09-11,2017-11-13,3
spring_triticale,FR2,channel_8,0.03765850411465711,0.014160164646412286,0.0612121894143602,2017-06-01,2017-11-28,3
spring_triticale,FR2,channel_9,0.02554363611940595,0.01201016495838994,0.04963254976865829,2017-07-03,2017-11-28,3
meadow,FR1,channel_0,0.030416896782268436,0.016363106987571787,0.05359122620001524,2017-12-02,2017-10-08,15157
meadow,FR1,channel_1,0.02838945462986768,0.014685811873360585,0.04641777082035424,2017-12-02,2017-11-07,15157
meadow,FR1,channel_2,0.027699995528078097,0.01654449370849489,0.05434835213646922,2017-12-02,2017-10-08,15157
meadow,FR1,channel_3,0.050393682179628925,0.011293148853802176,0.043297029364031715,2017-06-15,2017-11-27,15157
meadow,FR1,channel_4,0.03244411422909173,0.01515917792506994,0.05228690894908357,2017-12-02,2017-10-08,15157
meadow,FR1,channel_5,0.04587888326274044,0.012218366222366899,0.045715946993147585,2017-06-15,2017-11-27,15157
meadow,FR1,channel_6,0.05182009675999001,0.012176116096322825,0.0498896304910307,2017-06-15,2017-11-27,15157
meadow,FR1,channel_7,0.05598746392824729,0.011778902204311338,0.05044716483135071,2017-06-15,2017-11-27,15157
meadow,FR1,channel_8,0.04030867644414858,0.008548227162028662,0.03535187644471387,2017-06-15,2017-04-06,15157
meadow,FR1,channel_9,0.02537291829325989,0.007523639404484909,0.03398257890753928,2017-12-02,2017-04-06,15157
sunflowers,FR1,channel_0,0.031143452083495313,0.015019747853984735,0.04679893351643635,2017-12-02,2017-07-05,16265
sunflowers,FR1,channel_1,0.030231861592869204,0.012946195036444685,0.04174362311471424,2017-10-03,2017-11-27,16265
sunflowers,FR1,channel_2,0.03174894048162533,0.013919720957902167,0.04725125644139051,2017-12-02,2017-07-05,16265
sunflowers,FR1,channel_3,0.04459419974541347,0.014469181285365841,0.054659519390564126,2017-06-15,2017-11-27,16265
sunflowers,FR1,channel_4,0.034435250686575984,0.013249786731265487,0.045001947097976606,2017-12-02,2017-11-27,16265
sunflowers,FR1,channel_5,0.04262765739207661,0.014017467721029348,0.05357607141485519,2017-06-15,2017-11-27,16265
sunflowers,FR1,channel_6,0.04688361445949569,0.015354874023551268,0.060166605013790196,2017-06-15,2017-11-27,16265
sunflowers,FR1,channel_7,0.04910400525753151,0.015769040750047075,0.06334516771514255,2017-06-15,2017-11-27,16265
sunflowers,FR1,channel_8,0.04082857306598653,0.008131680082320524,0.03986884870199948,2017-06-15,2017-11-27,16265
sunflowers,FR1,channel_9,0.029062781457842385,0.007076764844877186,0.030216374334657993,2017-12-02,2017-07-05,16265
winter_wheat,FR1,channel_0,0.03053267410110271,0.015378996278175135,0.04838010753899327,2017-12-02,2017-05-16,26284
winter_wheat,FR1,channel_1,0.02882095416978015,0.013698499952183765,0.044035483237486336,2017-10-03,2017-05-16,26284
winter_wheat,FR1,channel_2,0.030086251383210413,0.015019311573093698,0.05033411969508168,2017-12-02,2017-05-16,26284
winter_wheat,FR1,channel_3,0.04467666233806663,0.012964927502308305,0.049686152998313776,2017-05-06,2017-11-27,26284
winter_wheat,FR1,channel_4,0.03276881577625048,0.014272879343972828,0.0489405593000497,2017-12-02,2017-05-16,26284
winter_wheat,FR1,channel_5,0.04144457425766199,0.012758564637229169,0.04692790672002059,2017-06-15,2017-11-27,26284
winter_wheat,FR1,channel_6,0.04659787063327646,0.013584192930727264,0.051891739036369566,2017-06-15,2017-11-27,26284
winter_wheat,FR1,channel_7,0.049430758614723375,0.013894522988105193,0.05532597366912052,2017-06-15,2017-11-27,26284
winter_wheat,FR1,channel_8,0.03961782854495272,0.010536983540144635,0.04276070428779014,2017-06-15,2017-05-16,26284
winter_wheat,FR1,channel_9,0.027235033146625936,0.008383781057286134,0.03564523921368057,2017-12-02,2017-05-16,26284
winter_barley,FR1,channel_0,0.030698971266765174,0.015255665498378259,0.046812745296318486,2017-12-02,2017-05-16,4037
winter_barley,FR1,channel_1,0.029283384977921222,0.013389749759526004,0.04073532736082941,2017-11-12,2017-05-16,4037
winter_barley,FR1,channel_2,0.030434747585107138,0.014779108608452067,0.048223732250743834,2017-09-08,2017-05-16,4037
winter_barley,FR1,channel_3,0.04700433221351609,0.01242725068734994,0.04488621285532032,2017-05-06,2017-11-27,4037
winter_barley,FR1,channel_4,0.03372554449447296,0.01373058232908955,0.04413066838402541,2017-12-02,2017-04-06,4037
winter_barley,FR1,channel_5,0.04355817703383423,0.012160705900522878,0.042282651127573734,2017-06-15,2017-11-27,4037
winter_barley,FR1,channel_6,0.04888794009712983,0.01299932866525425,0.046779503219171834,2017-06-15,2017-11-27,4037
winter_barley,FR1,channel_7,0.05204460905565759,0.013322851324788576,0.05020510025789762,2017-06-15,2017-11-27,4037
winter_barley,FR1,channel_8,0.04022889660066906,0.010366690492536162,0.039628755676982944,2017-06-15,2017-05-16,4037
winter_barley,FR1,channel_9,0.027357343215864176,0.008167510209765562,0.03378106540126106,2017-12-02,2017-05-16,4037
corn,FR1,channel_0,0.030761201777312504,0.015052333384941058,0.046821873498707936,2017-12-17,2017-08-14,6615
corn,FR1,channel_1,0.028959433200650777,0.01341017545224305,0.0430636244663635,2017-06-15,2017-08-14,6615
corn,FR1,channel_2,0.030044560973996635,0.014609209497690094,0.048291036642927845,2017-06-15,2017-08-14,6615
corn,FR1,channel_3,0.04556161351260249,0.012879755234649973,0.05001509668249373,2017-06-15,2017-11-27,6615
corn,FR1,channel_4,0.03267007303863208,0.014055349541738335,0.04535436724023157,2017-12-02,2017-08-14,6615
corn,FR1,channel_5,0.04185951028720443,0.012726511990130215,0.04923053513247212,2017-06-15,2017-11-27,6615
corn,FR1,channel_6,0.047563222960579736,0.013849285013457634,0.05604650216494739,2017-06-15,2017-11-27,6615
corn,FR1,channel_7,0.05046958124256355,0.013980696453281698,0.0578677003291052,2017-06-15,2017-11-27,6615
corn,FR1,channel_8,0.03909983815108816,0.008004602667118168,0.0366024331110035,2017-06-15,2017-08-14,6615
corn,FR1,channel_9,0.027326430394694665,0.007577487278380282,0.03254478138762095,2017-12-02,2017-08-14,6615
winter_peas,FR1,channel_0,0.03167970146666399,0.01605006478752001,0.055626218793309416,2017-06-15,2017-05-16,663
winter_peas,FR1,channel_1,0.030539371176500543,0.014009771014393851,0.05348213102596892,2017-06-15,2017-11-27,663
winter_peas,FR1,channel_2,0.03214905923088581,0.015057186410233243,0.060409181952038184,2017-06-15,2017-05-16,663
winter_peas,FR1,channel_3,0.04510600187691713,0.014420297076761377,0.058888372650784254,2017-06-15,2017-11-27,663
winter_peas,FR1,channel_4,0.03494299137422063,0.01421782018673793,0.054459367712968,2017-06-15,2017-11-27,663
winter_peas,FR1,channel_5,0.04282387944548816,0.014219162804917378,0.059577204185845126,2017-06-15,2017-11-27,663
winter_peas,FR1,channel_6,0.047139601822693715,0.015180246990623246,0.06484303894089768,2017-06-15,2017-11-27,663
winter_peas,FR1,channel_7,0.049706359147972945,0.015574014612154482,0.06798197220420965,2017-06-15,2017-11-27,663
winter_peas,FR1,channel_8,0.04147317496885068,0.009944383358283796,0.052520733330570474,2017-06-15,2017-05-16,663
winter_peas,FR1,channel_9,0.02972926247683735,0.007891649013664532,0.04230088126979182,2017-06-15,2017-05-16,663
unknown,FR1,channel_0,0.029905829063433007,0.015089010358579097,0.0484820469636808,2017-11-12,2017-10-08,15690
unknown,FR1,channel_1,0.028170376154740627,0.013358168840625335,0.043865385150023126,2017-11-12,2017-11-27,15690
unknown,FR1,channel_2,0.028534552275460572,0.014519955637769437,0.04689080762885203,2017-11-12,2017-08-14,15690
unknown,FR1,channel_3,0.046069721396558606,0.011653181826742574,0.044514084560060035,2017-09-08,2017-11-27,15690
unknown,FR1,channel_4,0.03212962402780137,0.013618638613616934,0.04415479133807025,2017-11-12,2017-11-27,15690
unknown,FR1,channel_5,0.04261629870231679,0.012117930607947918,0.04401550581172278,2017-09-08,2017-11-27,15690
unknown,FR1,channel_6,0.04789172413455485,0.01256070324117749,0.04876516033261539,2017-06-15,2017-11-27,15690
unknown,FR1,channel_7,0.05120201878704848,0.01259604098287211,0.05051192582156977,2017-06-15,2017-11-27,15690
unknown,FR1,channel_8,0.039183885797955,0.007110429867282022,0.03237103409309161,2017-06-15,2017-11-27,15690
unknown,FR1,channel_9,0.02623404192559496,0.0061007550128168555,0.026129139252686392,2017-12-02,2017-11-27,15690
spring_peas,FR1,channel_0,0.03296558607287917,0.018876545457002125,0.06901906815417103,2017-12-27,2017-05-16,400
spring_peas,FR1,channel_1,0.031819118090730215,0.016634535638151076,0.06153588108783813,2017-06-15,2017-11-27,400
spring_peas,FR1,channel_2,0.03371408261651439,0.01785904673368741,0.0697230550634157,2017-12-27,2017-05-16,400
spring_peas,FR1,channel_3,0.045767671577618504,0.01718414242095966,0.06644749944229421,2017-06-15,2017-11-27,400
spring_peas,FR1,channel_4,0.03635190664744177,0.01717041793593934,0.06795796132529225,2017-12-27,2017-11-27,400
spring_peas,FR1,channel_5,0.04379984254630714,0.01713229983379367,0.06753818148456846,2017-06-15,2017-11-27,400
spring_peas,FR1,channel_6,0.047985350265691694,0.018007369300848907,0.07301819488211947,2017-06-15,2017-11-27,400
spring_peas,FR1,channel_7,0.05031769096200652,0.018352347979646234,0.07606802224194373,2017-06-15,2017-11-27,400
spring_peas,FR1,channel_8,0.04186140684558431,0.010799311571043501,0.057733578376735345,2017-06-15,2017-05-16,400
spring_peas,FR1,channel_9,0.030239771816735102,0.008459704236728339,0.04697761274890813,2017-06-15,2017-05-26,400
spring_oat,FR1,channel_0,0.031198451476929446,0.016505920469546135,0.05641374087146982,2017-06-15,2017-05-26,43
spring_oat,FR1,channel_1,0.029600352177031983,0.01469708684889938,0.053876984417050744,2017-06-15,2017-11-27,43
spring_oat,FR1,channel_2,0.030831562509185905,0.01587035358798298,0.05939113110871925,2017-06-15,2017-05-26,43
spring_oat,FR1,channel_3,0.045456386380116065,0.013383916660847402,0.05564669707345547,2017-06-15,2017-11-27,43
spring_oat,FR1,channel_4,0.0339914378365612,0.015096160116276873,0.055264090646699224,2017-12-02,2017-11-27,43
spring_oat,FR1,channel_5,0.042660319018810317,0.013915582580433718,0.05732254213413365,2017-06-15,2017-11-27,43
spring_oat,FR1,channel_6,0.047350411244164295,0.014335145723515647,0.06210571106085995,2017-06-15,2017-11-27,43
spring_oat,FR1,channel_7,0.050351864785764665,0.014388700460399882,0.0641061373854419,2017-06-15,2017-11-27,43
spring_oat,FR1,channel_8,0.04152612219786826,0.009943128173493108,0.045792601674455,2017-06-15,2017-11-27,43
spring_oat,FR1,channel_9,0.028669460104454488,0.008200134083901712,0.03930221827798138,2017-12-02,2017-05-26,43
winter_rapeseed,FR1,channel_0,0.03063846707969778,0.013907522385480736,0.043355230227449124,2017-10-03,2017-05-16,2634
winter_rapeseed,FR1,channel_1,0.02940918175932058,0.012104109615044857,0.04095869061698181,2017-10-03,2017-03-17,2634
winter_rapeseed,FR1,channel_2,0.030475872628057774,0.01339023906266992,0.04652267385094375,2017-10-03,2017-03-17,2634
winter_rapeseed,FR1,channel_3,0.047931053739560366,0.012844954801624073,0.05195968025187414,2017-05-06,2017-11-27,2634
winter_rapeseed,FR1,channel_4,0.034015083290571506,0.01220639196469957,0.0411203949220758,2017-10-03,2017-03-17,2634
winter_rapeseed,FR1,channel_5,0.044757858060897736,0.011943504085095907,0.046015369698836656,2017-05-06,2017-11-27,2634
winter_rapeseed,FR1,channel_6,0.05001218741029388,0.013459377489529422,0.05366915174030967,2017-05-06,2017-11-27,2634
winter_rapeseed,FR1,channel_7,0.05299057167787553,0.013865124689904983,0.055196248842257815,2017-05-06,2017-11-27,2634
winter_rapeseed,FR1,channel_8,0.039014589577633936,0.010298230035745114,0.04187036401341729,2017-06-15,2017-05-16,2634
winter_rapeseed,FR1,channel_9,0.02726062072501059,0.008232049235166097,0.03342731854201384,2017-09-08,2017-05-26,2634
winter_triticale,FR1,channel_0,0.03072820395651651,0.015149571686323504,0.048703156808085124,2017-12-02,2017-05-16,878
winter_triticale,FR1,channel_1,0.028914340208701022,0.013454970149217125,0.04188423250813662,2017-12-02,2017-05-16,878
winter_triticale,FR1,channel_2,0.029725846717658315,0.014749637367865035,0.050213760490600765,2017-12-02,2017-05-16,878
winter_triticale,FR1,channel_3,0.04596698850551012,0.012200985988688908,0.042494921584614966,2017-06-15,2017-11-27,878
winter_triticale,FR1,channel_4,0.0329631821170289,0.013906850665634,0.04819795349706636,2017-12-02,2017-05-16,878
winter_triticale,FR1,channel_5,0.04266692810262698,0.01235724249202985,0.04315739132395564,2017-06-15,2017-11-27,878
winter_triticale,FR1,channel_6,0.04783406242638858,0.012863280907750288,0.047541965262464306,2017-06-15,2017-11-27,878
winter_triticale,FR1,channel_7,0.05085828068839528,0.01286033599369863,0.050038399938979516,2017-06-15,2017-11-27,878
winter_triticale,FR1,channel_8,0.03895029975071408,0.009314959174219189,0.03737757030730961,2017-06-15,2017-05-16,878
winter_triticale,FR1,channel_9,0.02637267389633168,0.007623230683885906,0.037021313134316745,2017-12-02,2017-05-16,878
winter_oat,FR1,channel_0,0.029942618658598447,0.014699790285755826,0.0516809571793594,2017-06-15,2017-05-16,226
winter_oat,FR1,channel_1,0.028408463621018922,0.0130706377154217,0.049100480727724785,2017-06-15,2017-05-16,226
winter_oat,FR1,channel_2,0.029459764234823417,0.014196123156789935,0.05642223069358054,2017-06-15,2017-05-16,226
winter_oat,FR1,channel_3,0.04533526297362291,0.012275637065782214,0.05083060136749562,2017-06-15,2017-11-27,226
winter_oat,FR1,channel_4,0.03268779550550794,0.013273962010757678,0.05011608980943367,2017-06-15,2017-05-16,226
winter_oat,FR1,channel_5,0.04200329120189429,0.01216470607672643,0.05167468314756436,2017-06-15,2017-11-27,226
winter_oat,FR1,channel_6,0.04717371201750721,0.013020218188060614,0.056339302758325785,2017-06-15,2017-11-27,226
winter_oat,FR1,channel_7,0.0503082964853538,0.013243115326026515,0.05907303618177541,2017-06-15,2017-11-27,226
winter_oat,FR1,channel_8,0.04014848204106652,0.009956514561006088,0.04618710775446796,2017-06-15,2017-05-16,226
winter_oat,FR1,channel_9,0.027155978726883873,0.007707833556479939,0.036657319369790824,2017-06-15,2017-05-16,226
spring_barley,FR1,channel_0,0.030497070186081776,0.014787957707028787,0.04976844434308757,2017-12-02,2017-05-16,274
spring_barley,FR1,channel_1,0.029074626941565426,0.013007674943244018,0.04554333448825032,2017-06-15,2017-05-16,274
spring_barley,FR1,channel_2,0.0303185643455012,0.014033701356449432,0.0520578279786231,2017-06-15,2017-05-16,274
spring_barley,FR1,channel_3,0.04463547258915365,0.012645226338633873,0.05085058892663509,2017-06-15,2017-11-27,274
spring_barley,FR1,channel_4,0.033352575255168285,0.013300534047606338,0.047816048426650354,2017-12-02,2017-05-16,274
spring_barley,FR1,channel_5,0.0418679225381694,0.012561349384655326,0.051044594627404224,2017-06-15,2017-11-27,274
spring_barley,FR1,channel_6,0.04652398578118848,0.013305628100234421,0.05618330523370102,2017-06-15,2017-11-27,274
spring_barley,FR1,channel_7,0.049386091213093966,0.013635102921653812,0.059294613302752056,2017-06-15,2017-11-27,274
spring_barley,FR1,channel_8,0.04030631049783999,0.009298784805170017,0.04215843154547796,2017-06-15,2017-05-16,274
spring_barley,FR1,channel_9,0.027872727892882566,0.007331702365621529,0.034338863148249965,2017-12-02,2017-05-16,274
horsebeans,FR1,channel_0,0.03064091788089046,0.01479666653237771,0.04782568586415258,2017-12-02,2017-05-26,723
horsebeans,FR1,channel_1,0.029155747917160052,0.013039737706663841,0.04237735862773148,2017-11-12,2017-05-26,723
horsebeans,FR1,channel_2,0.030173860573161536,0.014025821833211796,0.0490688567528511,2017-12-02,2017-05-26,723
horsebeans,FR1,channel_3,0.044438510883796176,0.01233693954691546,0.04536892784766767,2017-05-06,2017-11-27,723
horsebeans,FR1,channel_4,0.03315356760889535,0.013304091020599313,0.046135546533864855,2017-12-02,2017-05-16,723
horsebeans,FR1,channel_5,0.04197940548695912,0.012466295469576621,0.045250662636618415,2017-06-15,2017-11-27,723
horsebeans,FR1,channel_6,0.04648375002804518,0.013052293885144882,0.04997141903735477,2017-06-15,2017-11-27,723
horsebeans,FR1,channel_7,0.04913054976114807,0.013164720852412971,0.052602229259824766,2017-06-15,2017-11-27,723
horsebeans,FR1,channel_8,0.040690073379537395,0.008594245496421482,0.03663392874281633,2017-06-15,2017-05-16,723
horsebeans,FR1,channel_9,0.02832759117778884,0.007003358145435027,0.03493376039312932,2017-12-02,2017-05-26,723
spring_wheat,FR1,channel_0,0.030591320384877985,0.01629028046525775,0.05746151180511219,2017-10-03,2017-05-26,50
spring_wheat,FR1,channel_1,0.02881162790500621,0.014586602229550305,0.054558891306335074,2017-10-03,2017-05-26,50
spring_wheat,FR1,channel_2,0.03000558007880784,0.015871541308919167,0.06146655611761758,2017-10-03,2017-05-26,50
spring_wheat,FR1,channel_3,0.04401817410589827,0.01398861405545474,0.05236164329828526,2017-10-03,2017-11-27,50
spring_wheat,FR1,channel_4,0.03269420248315107,0.015129398499202468,0.05659860010722501,2017-10-03,2017-05-16,50
spring_wheat,FR1,channel_5,0.04107838800268827,0.013961144366379354,0.054672809537847145,2017-10-03,2017-11-27,50
spring_wheat,FR1,channel_6,0.04601521643018969,0.01476794220239115,0.05671910287033634,2017-10-03,2017-11-27,50
spring_wheat,FR1,channel_7,0.04883303652661347,0.014991651738035683,0.05927171302158099,2017-06-15,2017-11-27,50
spring_wheat,FR1,channel_8,0.03959312713106344,0.009641870159760488,0.04496914562632686,2017-06-15,2017-05-16,50
spring_wheat,FR1,channel_9,0.027157534078386013,0.007657009202253348,0.03723613258036492,2017-06-15,2017-05-26,50
winter_rye,FR1,channel_0,0.02977717945249637,0.013501869307972746,0.048927114516269285,2017-11-12,2017-05-26,33
winter_rye,FR1,channel_1,0.028091680290473483,0.011943474152711749,0.04315829977377269,2017-11-12,2017-05-26,33
winter_rye,FR1,channel_2,0.028690553845372894,0.012960015816798965,0.04864824046386825,2017-11-12,2017-05-16,33
winter_rye,FR1,channel_3,0.04545944134811814,0.010568651813944119,0.0409492867969814,2017-09-08,2017-11-27,33
winter_rye,FR1,channel_4,0.032222098967501694,0.01186731660372687,0.04299626002604289,2017-11-12,2017-11-27,33
winter_rye,FR1,channel_5,0.04229352367787629,0.010717236191925486,0.04109457970439395,2017-06-15,2017-11-27,33
winter_rye,FR1,channel_6,0.047323852061727574,0.011366415178170487,0.04526676691757989,2017-06-15,2017-11-27,33
winter_rye,FR1,channel_7,0.050455347651784596,0.011422920409458933,0.04752304195773867,2017-06-15,2017-11-27,33
winter_rye,FR1,channel_8,0.03877477391176239,0.00934265856187578,0.03880765621871554,2017-09-08,2017-05-16,33
winter_rye,FR1,channel_9,0.026225529463721184,0.007474476298660881,0.03336737916179536,2017-09-08,2017-05-16,33
spring_rapeseed,FR1,channel_0,0.031122854491619327,0.016478810286855057,0.05353641608024158,2017-12-02,2017-05-26,11
spring_rapeseed,FR1,channel_1,0.02994226692297498,0.014488685950027549,0.048732885643149815,2017-09-08,2017-03-17,11
spring_rapeseed,FR1,channel_2,0.03142722522174214,0.01569685412149637,0.05646939998216855,2017-12-02,2017-05-26,11
spring_rapeseed,FR1,channel_3,0.04787158014531464,0.014498616851232705,0.054593334974473696,2017-09-08,2017-11-27,11
spring_rapeseed,FR1,channel_4,0.03488202925039373,0.01472547659276182,0.05428261517416513,2017-12-02,2017-03-17,11
spring_rapeseed,FR1,channel_5,0.045056061783069146,0.014213140550019569,0.05432133800856782,2017-09-08,2017-11-27,11
spring_rapeseed,FR1,channel_6,0.05018653926661113,0.015218888790014087,0.05719959978270853,2017-09-13,2017-11-27,11
spring_rapeseed,FR1,channel_7,0.053152571247312076,0.015515882324487822,0.059577186213889646,2017-09-13,2017-11-27,11
spring_rapeseed,FR1,channel_8,0.03972954010007135,0.010643018028624053,0.04691241438499427,2017-09-13,2017-05-26,11
spring_rapeseed,FR1,channel_9,0.028013623619664172,0.008676472854437947,0.04187837619692357,2017-12-02,2017-05-26,11
spring_rye,FR1,channel_0,0.03704032704062935,0.031609578161777306,0.10612376218382515,2017-12-27,2017-07-05,1
spring_rye,FR1,channel_1,0.035249658305320626,0.030152468421582885,0.1016093949509912,2017-12-27,2017-11-27,1
spring_rye,FR1,channel_2,0.037170486423586085,0.03429620867632585,0.1234155449126277,2017-12-27,2017-07-05,1
spring_rye,FR1,channel_3,0.0519196672662126,0.03290380050369819,0.134128961767513,2017-12-27,2017-11-27,1
spring_rye,FR1,channel_4,0.04012910151269173,0.034012164105879907,0.12703150124303447,2017-12-27,2017-10-23,1
spring_rye,FR1,channel_5,0.049516094484719914,0.03280543105832333,0.1290665653237288,2017-12-27,2017-11-27,1
spring_rye,FR1,channel_6,0.054436209961631336,0.03375428755583729,0.13007178937943287,2017-12-27,2017-11-27,1
spring_rye,FR1,channel_7,0.057107280705358074,0.03451423295838785,0.1326076660750197,2017-12-27,2017-11-27,1
spring_rye,FR1,channel_8,0.042455700021655704,0.02440322623110159,0.10492722454226534,2017-12-12,2017-10-23,1
spring_rye,FR1,channel_9,0.03046709549168986,0.019583337210153352,0.09029799718139954,2017-12-12,2017-10-23,1
spring_triticale,FR1,channel_0,0.028276737318827037,0.020781530745191824,0.08042332779867342,2017-11-12,2017-05-26,1
spring_triticale,FR1,channel_1,0.02587751226017831,0.019503980362297006,0.07559491064984594,2017-11-12,2017-10-18,1
spring_triticale,FR1,channel_2,0.025934460716860157,0.02133300887534333,0.0848484441487154,2017-11-12,2017-04-06,1
spring_triticale,FR1,channel_3,0.04119251068914764,0.019323029618252656,0.08702589538093738,2017-09-13,2017-10-18,1
spring_triticale,FR1,channel_4,0.028861798504888493,0.020333640975279423,0.08270371213948462,2017-11-12,2017-10-18,1
spring_triticale,FR1,channel_5,0.03768679082551381,0.019288854799850753,0.08471047871357118,2017-09-13,2017-10-18,1
spring_triticale,FR1,channel_6,0.042768888854641945,0.020272611053999454,0.08888346677515868,2017-09-13,2017-10-18,1
spring_triticale,FR1,channel_7,0.045906737242728035,0.02065066541989051,0.09173623232364499,2017-09-13,2017-10-18,1
spring_triticale,FR1,channel_8,0.03525243969169582,0.015131514377209858,0.07264152509633423,2017-09-13,2017-10-18,1
spring_triticale,FR1,channel_9,0.023322642499651443,0.013300102876274417,0.06327703724264624,2017-12-12,2017-10-18,1
corn,AT1,channel_0,0.03566608010782268,0.021491563245936065,0.07699526620938912,2017-01-11,2017-08-02,10135
corn,AT1,channel_1,0.03316257662414384,0.01937132333790092,0.06897194583714131,2017-02-03,2017-08-02,10135
corn,AT1,channel_2,0.033511387544872644,0.021834551593194876,0.07887092830278396,2017-02-03,2017-08-17,10135
corn,AT1,channel_3,0.05297808801773891,0.014421979427984595,0.06482814471854595,2017-01-11,2017-02-23,10135
corn,AT1,channel_4,0.03637695701572639,0.021139009815208505,0.07844698598660937,2017-01-11,2017-08-17,10135
corn,AT1,channel_5,0.04833470076089683,0.016351535405642083,0.06955343002604597,2017-01-11,2017-02-23,10135
corn,AT1,channel_6,0.055365739994761486,0.015272658731151492,0.06854774449742346,2017-01-11,2017-02-23,10135
corn,AT1,channel_7,0.05793035896921821,0.01486287187186619,0.06644031870733882,2017-01-11,2017-02-23,10135
corn,AT1,channel_8,0.036532592614047496,0.012153192059886358,0.04854677331573106,2017-11-15,2017-02-10,10135
corn,AT1,channel_9,0.02609328121216562,0.012020517103757655,0.04162571672782603,2017-11-15,2017-08-17,10135
horsebeans,AT1,channel_0,0.03665421384830993,0.021419166035876295,0.07729484958631741,2017-02-03,2017-06-13,460
horsebeans,AT1,channel_1,0.03430943453528557,0.019104782033073742,0.06987638077809569,2017-02-03,2017-06-13,460
horsebeans,AT1,channel_2,0.034658451159193485,0.021302935202296328,0.08035539218915495,2017-02-03,2017-06-13,460
horsebeans,AT1,channel_3,0.05122876535210712,0.015839126852564712,0.06050549659751342,2017-02-03,2017-02-23,460
horsebeans,AT1,channel_4,0.038168166576262895,0.02022076389787407,0.07399104223585748,2017-02-03,2017-06-13,460
horsebeans,AT1,channel_5,0.04885937641538808,0.017052771785874346,0.0679358590373785,2017-02-03,2017-02-23,460
horsebeans,AT1,channel_6,0.05359330240600681,0.016601411625039832,0.06688108359417355,2017-02-03,2017-02-23,460
horsebeans,AT1,channel_7,0.05589853808827241,0.016162432519769343,0.06418742173640159,2017-02-03,2017-02-23,460
horsebeans,AT1,channel_8,0.03782820411856775,0.011743407798276186,0.04709983480140051,2017-04-14,2017-02-10,460
horsebeans,AT1,channel_9,0.02772523723669772,0.011120527605854956,0.040706800236976294,2017-04-14,2017-06-13,460
winter_barley,AT1,channel_0,0.037058176684452236,0.02239142692470192,0.07994244190175284,2017-02-03,2017-04-24,4629
winter_barley,AT1,channel_1,0.03521346271451885,0.01982075983470635,0.07280124126410419,2017-02-03,2017-04-24,4629
winter_barley,AT1,channel_2,0.03578105258022578,0.02246020113465186,0.08444431257328117,2017-02-03,2017-04-24,4629
winter_barley,AT1,channel_3,0.05702619748071521,0.014037587733325294,0.06051191058157858,2017-07-03,2017-08-07,4629
winter_barley,AT1,channel_4,0.04000737974435599,0.020735071675857343,0.07720501262808073,2017-02-03,2017-04-24,4629
winter_barley,AT1,channel_5,0.05314375037569162,0.01588478179082958,0.06505091967153584,2017-02-03,2017-08-07,4629
winter_barley,AT1,channel_6,0.05929593323327875,0.014829696657873691,0.06253527277782753,2017-02-03,2017-08-07,4629
winter_barley,AT1,channel_7,0.06240755886043124,0.013945211831619878,0.06227509217925316,2017-07-03,2017-02-23,4629
winter_barley,AT1,channel_8,0.03875616300834425,0.01303232351965719,0.04963294013099437,2017-04-14,2017-02-10,4629
winter_barley,AT1,channel_9,0.027504196577371402,0.012112400782670842,0.04480106133493915,2017-02-03,2017-04-24,4629
meadow,AT1,channel_0,0.034613113587479226,0.02146622393258135,0.0754553277339708,2017-01-11,2017-08-02,18231
meadow,AT1,channel_1,0.03241550605160291,0.0193272272908261,0.0682513207755842,2017-02-10,2017-08-02,18231
meadow,AT1,channel_2,0.03129427286832993,0.022518048562415682,0.07895647890535636,2017-02-10,2017-08-02,18231
meadow,AT1,channel_3,0.05716672809502033,0.012305038326736788,0.052043077932247904,2017-01-11,2017-02-23,18231
meadow,AT1,channel_4,0.03632334835543482,0.020714105483854883,0.07424872008703391,2017-02-10,2017-08-02,18231
meadow,AT1,channel_5,0.0524174328882612,0.014686930263244347,0.060187253331334345,2017-02-10,2017-02-23,18231
meadow,AT1,channel_6,0.05883296512138349,0.013138998903198055,0.055912663679657144,2017-01-11,2017-02-23,18231
meadow,AT1,channel_7,0.062372813632396364,0.012111201983217383,0.051935138772678954,2017-01-11,2017-02-23,18231
meadow,AT1,channel_8,0.03289585986023291,0.009547268814370763,0.03933729358590843,2017-07-03,2017-02-10,18231
meadow,AT1,channel_9,0.02115398508937167,0.008531887591664978,0.028980242300640432,2017-12-02,2017-04-24,18231
winter_wheat,AT1,channel_0,0.036515019795977204,0.02201975604651505,0.07741472256525875,2017-02-03,2017-06-13,6390
winter_wheat,AT1,channel_1,0.03420963974155388,0.01970252789792466,0.07095576258992199,2017-02-03,2017-06-13,6390
winter_wheat,AT1,channel_2,0.03494616182943335,0.02194980568495916,0.0810963764260491,2017-02-03,2017-06-13,6390
winter_wheat,AT1,channel_3,0.05279466315239555,0.015562546777646595,0.06476599196586169,2017-01-11,2017-02-23,6390
winter_wheat,AT1,channel_4,0.03835223580607789,0.020832443563093505,0.07690141170288797,2017-01-11,2017-06-13,6390
winter_wheat,AT1,channel_5,0.04937085904887107,0.01720639864265227,0.06866011521322657,2017-01-11,2017-02-23,6390
winter_wheat,AT1,channel_6,0.05507707447135626,0.01640782581200609,0.06798833529160912,2017-01-11,2017-02-23,6390
winter_wheat,AT1,channel_7,0.05776960705837442,0.015743000497770585,0.06681893116708704,2017-01-11,2017-02-23,6390
winter_wheat,AT1,channel_8,0.037760967749663456,0.013224500613224452,0.05311453369772123,2017-11-15,2017-02-10,6390
winter_wheat,AT1,channel_9,0.02722162462156113,0.012351303136664604,0.045363048165268274,2017-11-15,2017-06-03,6390
winter_rapeseed,AT1,channel_0,0.03708874497894856,0.021459925340002742,0.07860428283205347,2017-02-03,2017-04-24,1026
winter_rapeseed,AT1,channel_1,0.03532321100102888,0.018757444720237625,0.07079555933665743,2017-02-03,2017-04-24,1026
winter_rapeseed,AT1,channel_2,0.03581731238915004,0.020980497806045193,0.08175857704985263,2017-02-03,2017-04-24,1026
winter_rapeseed,AT1,channel_3,0.05621962877996486,0.015589084665736977,0.05464216391559132,2017-01-11,2017-10-11,1026
winter_rapeseed,AT1,channel_4,0.040179944347078576,0.01940935873454324,0.07409240819715628,2017-02-03,2017-04-24,1026
winter_rapeseed,AT1,channel_5,0.052956992118489886,0.016274574593267723,0.06167199070604357,2017-02-03,2017-10-11,1026
winter_rapeseed,AT1,channel_6,0.058557582931142944,0.016328205067527062,0.05896767393822792,2017-02-03,2017-10-11,1026
winter_rapeseed,AT1,channel_7,0.061402080314280086,0.015681124186383927,0.05649576102430574,2017-02-03,2017-10-11,1026
winter_rapeseed,AT1,channel_8,0.038421094850541314,0.013529886906875517,0.04985684019261098,2017-04-14,2017-02-10,1026
winter_rapeseed,AT1,channel_9,0.027722285665780513,0.012550007986364674,0.047472060863778774,2017-11-15,2017-06-03,1026
winter_rye,AT1,channel_0,0.03804858896863881,0.021499923056435388,0.08108732481587763,2017-02-10,2017-04-24,586
winter_rye,AT1,channel_1,0.035713696232333725,0.019285412136902814,0.07480292908794159,2017-02-10,2017-04-24,586
winter_rye,AT1,channel_2,0.0363946933637771,0.021618444241801347,0.08634650377512312,2017-02-10,2017-04-24,586
winter_rye,AT1,channel_3,0.053999127777736806,0.014959419993294464,0.05933213807218811,2017-02-10,2017-02-23,586
winter_rye,AT1,channel_4,0.04029426786325113,0.02049718153515899,0.08079833986257934,2017-02-10,2017-06-13,586
winter_rye,AT1,channel_5,0.051203211676171305,0.01719280564340369,0.06873076096957753,2017-02-10,2017-08-02,586
winter_rye,AT1,channel_6,0.0561026852899528,0.015953082680050187,0.06462819028031935,2017-02-10,2017-02-23,586
winter_rye,AT1,channel_7,0.05876453672167823,0.014793717082723135,0.06084385007419766,2017-02-10,2017-02-23,586
winter_rye,AT1,channel_8,0.03574741732685425,0.009585965314698382,0.048933770431313715,2017-08-04,2017-02-13,586
winter_rye,AT1,channel_9,0.025471540112890885,0.008347980932169765,0.0375270526671403,2017-04-14,2017-02-13,586
spring_oat,AT1,channel_0,0.037936114238151825,0.022220384114630103,0.08221850802639069,2017-02-03,2017-06-13,588
spring_oat,AT1,channel_1,0.03559867573261886,0.019912243700120763,0.07518845017412051,2017-02-03,2017-06-13,588
spring_oat,AT1,channel_2,0.03650726311545498,0.021967616096228968,0.08710432353347691,2017-02-03,2017-06-13,588
spring_oat,AT1,channel_3,0.05284948240567987,0.016621644940134475,0.0688372943606523,2017-07-03,2017-03-25,588
spring_oat,AT1,channel_4,0.040073707177723544,0.020995965558330488,0.07984394104756498,2017-02-03,2017-06-13,588
spring_oat,AT1,channel_5,0.05013030152585062,0.018206104913922286,0.07407160845017959,2017-02-03,2017-03-25,588
spring_oat,AT1,channel_6,0.055048166013567,0.017518664768820334,0.07215569456944622,2017-02-03,2017-03-25,588
spring_oat,AT1,channel_7,0.05765067207366759,0.016787232425546954,0.07168010813619022,2017-07-03,2017-03-25,588
spring_oat,AT1,channel_8,0.037800783612805665,0.010164669913735287,0.04683720696954759,2017-04-14,2017-12-10,588
spring_oat,AT1,channel_9,0.02744327285716466,0.009278288536150679,0.040589763531277696,2017-04-14,2017-06-13,588
unknown,AT1,channel_0,0.03553179129700901,0.02070056927475668,0.07441931369384645,2017-01-11,2017-08-02,5150
unknown,AT1,channel_1,0.03332229683175179,0.018286630657265594,0.06522278799614781,2017-02-03,2017-08-02,5150
unknown,AT1,channel_2,0.03321267852049113,0.020775385173368965,0.074685079431842,2017-02-03,2017-08-17,5150
unknown,AT1,channel_3,0.055133859974774165,0.012976592893238678,0.06252687990921449,2017-01-11,2017-02-23,5150
unknown,AT1,channel_4,0.037234944296320946,0.019308870397227666,0.0716157356088871,2017-01-11,2017-08-02,5150
unknown,AT1,channel_5,0.05123025808835897,0.014225684922252,0.06674442364094625,2017-01-11,2017-02-23,5150
unknown,AT1,channel_6,0.05751721328162102,0.013758945659438034,0.0658242710745422,2017-01-11,2017-02-23,5150
unknown,AT1,channel_7,0.06041143536868848,0.013568627734810105,0.06391185620469753,2017-01-11,2017-02-23,5150
unknown,AT1,channel_8,0.03729028349190689,0.01130149779532458,0.05026259454659594,2017-11-15,2017-02-10,5150
unknown,AT1,channel_9,0.026454969582853028,0.011311724994778167,0.04305206287122709,2017-11-15,2017-02-10,5150
winter_triticale,AT1,channel_0,0.03752124032874177,0.021859554425132863,0.08163742762811495,2017-02-10,2017-04-24,1476
winter_triticale,AT1,channel_1,0.03524966797145402,0.019616558113859563,0.07570746090931531,2017-02-10,2017-04-24,1476
winter_triticale,AT1,channel_2,0.03569504184331789,0.022039453953550038,0.08777416335248615,2017-02-10,2017-04-24,1476
winter_triticale,AT1,channel_3,0.05434565156864055,0.01508077728096178,0.06106906216158914,2017-02-10,2017-02-23,1476
winter_triticale,AT1,channel_4,0.03962070947768394,0.02080748674691415,0.08245561133173256,2017-02-10,2017-06-13,1476
winter_triticale,AT1,channel_5,0.05129409910948521,0.0172254879925361,0.07171112455612717,2017-02-10,2017-02-23,1476
winter_triticale,AT1,channel_6,0.05655942357418881,0.01605274197826109,0.06707813106523444,2017-02-10,2017-02-23,1476
winter_triticale,AT1,channel_7,0.05921124135269085,0.014999091413841911,0.062257369475300556,2017-02-10,2017-02-23,1476
winter_triticale,AT1,channel_8,0.03578841523678218,0.010706188120706587,0.04780175908910381,2017-07-03,2017-02-13,1476
winter_triticale,AT1,channel_9,0.025402876858964273,0.009393923317026398,0.03769370177864919,2017-11-15,2017-02-13,1476
spring_barley,AT1,channel_0,0.03813688790543482,0.02211227403565488,0.08366010588167122,2017-02-03,2017-06-13,288
spring_barley,AT1,channel_1,0.03587281818877362,0.019885673624527776,0.07723657026918473,2017-02-03,2017-06-13,288
spring_barley,AT1,channel_2,0.03695172791059285,0.021965671324028047,0.08823596669729424,2017-02-03,2017-06-13,288
spring_barley,AT1,channel_3,0.053144536003601854,0.016762168044534557,0.06901278792076312,2017-07-03,2017-04-24,288
spring_barley,AT1,channel_4,0.040545173632889314,0.021130314440168194,0.0817594946907894,2017-02-03,2017-06-13,288
spring_barley,AT1,channel_5,0.05052291914455877,0.01860584569183595,0.07522530448954298,2017-02-03,2017-04-24,288
spring_barley,AT1,channel_6,0.05523882165757256,0.017759831969072652,0.07250794394411217,2017-02-03,2017-03-25,288
spring_barley,AT1,channel_7,0.057880826449071596,0.016879869498210184,0.0716171518693093,2017-07-03,2017-04-24,288
spring_barley,AT1,channel_8,0.03700094480876566,0.009210849364734708,0.04245890161074306,2017-07-03,2017-12-10,288
spring_barley,AT1,channel_9,0.026844197663919874,0.007908384482685889,0.034002922094270666,2017-04-14,2017-06-13,288
spring_wheat,AT1,channel_0,0.035840784158305404,0.0209008554432897,0.07939084136259217,2017-01-11,2017-06-13,85
spring_wheat,AT1,channel_1,0.03354932343694978,0.01862487547345245,0.06913277561104277,2017-01-11,2017-06-13,85
spring_wheat,AT1,channel_2,0.034288711352879316,0.020682200599902372,0.08060962014636104,2017-01-11,2017-06-13,85
spring_wheat,AT1,channel_3,0.050226598675607276,0.015445756038242445,0.0681098844286671,2017-01-11,2017-02-23,85
spring_wheat,AT1,channel_4,0.03765536435450419,0.0197729118370491,0.07838551325906037,2017-01-11,2017-06-13,85
spring_wheat,AT1,channel_5,0.0474854020905995,0.01702857856752393,0.07244370423027768,2017-01-11,2017-02-23,85
spring_wheat,AT1,channel_6,0.0523387784766657,0.01632212288564046,0.07147216681828067,2017-01-11,2017-02-23,85
spring_wheat,AT1,channel_7,0.054851413742742626,0.015641447549080343,0.06962153620710891,2017-01-11,2017-02-23,85
spring_wheat,AT1,channel_8,0.03658598179128115,0.009890257221263306,0.04263298563565099,2017-04-14,2017-02-10,85
spring_wheat,AT1,channel_9,0.02646188169542806,0.009297885665435086,0.03613462745468929,2017-04-14,2017-06-13,85
spring_peas,AT1,channel_0,0.03676109074172227,0.020455608130158932,0.07531247611156805,2017-01-11,2017-06-13,65
spring_peas,AT1,channel_1,0.03466139953366332,0.018096375402219315,0.0658613776220261,2017-02-03,2017-06-13,65
spring_peas,AT1,channel_2,0.035363971943116836,0.020140803230396936,0.07651153403991694,2017-02-03,2017-06-13,65
spring_peas,AT1,channel_3,0.052126452515486,0.014529890295614713,0.06014982340062515,2017-01-11,2017-02-23,65
spring_peas,AT1,channel_4,0.03909315253450953,0.019053146682193392,0.07083875332699417,2017-01-11,2017-06-13,65
spring_peas,AT1,channel_5,0.04968072333057132,0.01609456217871509,0.06465261857938329,2017-01-11,2017-02-23,65
spring_peas,AT1,channel_6,0.05443074829715064,0.015409225546382467,0.06334677573437814,2017-01-11,2017-02-23,65
spring_peas,AT1,channel_7,0.056952021401149196,0.014699534864526206,0.06118771134589063,2017-01-11,2017-02-23,65
spring_peas,AT1,channel_8,0.03699459648146897,0.010008621693092704,0.04610015898015683,2017-11-15,2017-02-13,65
spring_peas,AT1,channel_9,0.026910549995055832,0.008839534371554004,0.038832805741542784,2017-11-15,2017-02-13,65
sunflowers,AT1,channel_0,0.03389792817246198,0.020801066743570542,0.08232020451501029,2017-03-02,2017-07-18,31
sunflowers,AT1,channel_1,0.03195185475046957,0.018324116370535007,0.07516864602202879,2017-03-02,2017-08-07,31
sunflowers,AT1,channel_2,0.03171124195180385,0.0209378497454565,0.08605212631456652,2017-03-02,2017-08-07,31
sunflowers,AT1,channel_3,0.05131710612552605,0.014612564820648988,0.07392840697601553,2017-03-02,2017-10-16,31
sunflowers,AT1,channel_4,0.03577470131077352,0.019443642040693477,0.08134949378459078,2017-03-02,2017-08-07,31
sunflowers,AT1,channel_5,0.048413597840049546,0.01553210238353772,0.07702448618857914,2017-03-02,2017-10-16,31
sunflowers,AT1,channel_6,0.05362426344282108,0.015429421629171906,0.07707246035453266,2017-03-02,2017-10-16,31
sunflowers,AT1,channel_7,0.0561644372442913,0.015201302664898214,0.07582608685750673,2017-03-02,2017-10-16,31
sunflowers,AT1,channel_8,0.03575547451082967,0.011539755831311714,0.04362528389850722,2017-04-14,2017-02-10,31
sunflowers,AT1,channel_9,0.02521090574352372,0.011542105551781085,0.041006436125694545,2017-12-25,2017-08-07,31
spring_triticale,AT1,channel_0,0.033996596957330226,0.02002501235133499,0.07988925991070585,2017-01-11,2017-06-13,20
spring_triticale,AT1,channel_1,0.0318233835632335,0.01800883114928193,0.07059004278361193,2017-02-10,2017-06-13,20
spring_triticale,AT1,channel_2,0.032400872350801406,0.020031971888154147,0.08137304104138314,2017-02-10,2017-06-13,20
spring_triticale,AT1,channel_3,0.04739794584692575,0.016161981128750957,0.06855068747034859,2017-01-11,2017-02-23,20
spring_triticale,AT1,channel_4,0.03575688755810728,0.019385375687909632,0.07942523267572342,2017-01-11,2017-06-13,20
spring_triticale,AT1,channel_5,0.04500921991360437,0.01744199801470326,0.07331704555498661,2017-01-11,2017-02-23,20
spring_triticale,AT1,channel_6,0.049299272364370615,0.017047338418370018,0.07214864308001459,2017-01-11,2017-02-23,20
spring_triticale,AT1,channel_7,0.051677492273130086,0.016551146143149294,0.06998566343590851,2017-01-11,2017-02-23,20
spring_triticale,AT1,channel_8,0.03295696439844196,0.009793873771566463,0.048724397185664334,2017-08-04,2017-02-13,20
spring_triticale,AT1,channel_9,0.02342778408124334,0.00764836072399249,0.03610093916219801,2017-12-02,2017-06-13,20
spring_rapeseed,AT1,channel_0,0.03236980524394024,0.01855147205495256,0.07864148247699645,2017-01-11,2017-06-13,5
spring_rapeseed,AT1,channel_1,0.030669781446671502,0.016130667331403167,0.06587946837208113,2017-01-11,2017-10-16,5
spring_rapeseed,AT1,channel_2,0.030971630273353506,0.018045359874996406,0.07838890153494416,2017-01-11,2017-06-13,5
spring_rapeseed,AT1,channel_3,0.04723861828339801,0.015366174848896554,0.0704138913855922,2017-01-11,2017-02-23,5
spring_rapeseed,AT1,channel_4,0.034809959113119585,0.016723041694248618,0.07485210839174444,2017-01-11,2017-02-23,5
spring_rapeseed,AT1,channel_5,0.04493249049222386,0.015419747260011234,0.0746887625133048,2017-01-11,2017-02-23,5
spring_rapeseed,AT1,channel_6,0.04947858327498731,0.01611448879310443,0.07450035356329227,2017-01-11,2017-02-23,5
spring_rapeseed,AT1,channel_7,0.05186717300735398,0.01615590199550689,0.0733341919221817,2017-01-11,2017-02-23,5
spring_rapeseed,AT1,channel_8,0.03362717856003569,0.012571475805649207,0.05523127478974003,2017-12-07,2017-02-10,5
spring_rapeseed,AT1,channel_9,0.0247226318520629,0.011567332710188867,0.050352955088961295,2017-12-07,2017-02-10,5
spring_rye,AT1,channel_0,0.03955218167730414,0.023080490547163157,0.08642343679587358,2017-02-03,2017-06-13,3
spring_rye,AT1,channel_1,0.03713279764814386,0.02110686851278058,0.07995147563873277,2017-02-03,2017-10-16,3
spring_rye,AT1,channel_2,0.03757011349434771,0.024016715547280496,0.09226981091470732,2017-02-03,2017-10-16,3
spring_rye,AT1,channel_3,0.054839367472290214,0.017502919281542795,0.07850170194816111,2017-12-07,2017-03-25,3
spring_rye,AT1,channel_4,0.041437836384475964,0.022734924744661034,0.08637937895157444,2017-12-07,2017-08-07,3
spring_rye,AT1,channel_5,0.05251236840663071,0.019291147087656505,0.08261773816861348,2017-12-07,2017-03-25,3
spring_rye,AT1,channel_6,0.05709360388495772,0.018423861623306243,0.08284299088699949,2017-12-07,2017-03-25,3
spring_rye,AT1,channel_7,0.059491524732330714,0.01785879944260052,0.08251022351123018,2017-12-07,2017-03-25,3
spring_rye,AT1,channel_8,0.035787559805258225,0.012795581754503665,0.06084678984071256,2017-07-18,2017-02-10,3
spring_rye,AT1,channel_9,0.02558324240675513,0.011104784447727702,0.04849980843637305,2017-07-18,2017-02-10,3
